{
    "spruch": "",
    "rufnamen": [

    ],
    "freundesfragen": [
        {
            "frage": "Ein Toast kann gut schimmeln, was kann ich gut?",
            "antworten": {
                "r_chris": "Videos und Fotos, du bist der b\u00e4hste",
                "n_berg": "diskutieren, videos schneiden"
            }
        },
        {
            "frage": "Was ist ein lustiger Fakt \u00fcber mich?",
            "antworten": [

            ]
        },
        {
            "frage": "Was sind lustige Dinge die du mit mir gemacht hast?",
            "antworten": {
                "m_heimb": "Tag X",
                "r_chris": "Videos haha"
            }
        },
        {
            "frage": "Welche Mutprobe w\u00fcrdest du mir gerne verschreiben?",
            "antworten": {
                "n_romei": "Die Haare auf 3 mm schneiden lassen."
            }
        },
        {
            "frage": "Wof\u00fcr gebe ich zu viel Geld aus?",
            "antworten": {
                "n_romei": "Schuhe",
                "n_berg": "f\u00fcr Schuhe :D"
            }
        }
    ],
    "eigeneFragen": [
        {
            "frage": "Du hast eine S\u00fcnde frei, welche verbotene Sache w\u00fcrdest du machen?",
            "antwort": ""
        },
        {
            "frage": "L\u00e4uft bei dir?",
            "antwort": ""
        },
        {
            "frage": "Was ist das d\u00fcmmste was du je gemacht hast?",
            "antwort": ""
        },
        {
            "frage": "Was ist dein Lieblingsfilm?",
            "antwort": ""
        },
        {
            "frage": "Was ist dein aktuelles Handy?",
            "antwort": ""
        },
        {
            "frage": "Welche 5 Dinge w\u00fcrdest du mit auf eine einsame Insel nehmen?",
            "antwort": ""
        }
    ]
}