{
    "spruch": "",
    "rufnamen": [
        "Anna"
    ],
    "freundesfragen": [
        {
            "frage": "Ein Toast kann gut schimmeln, was kann ich gut?",
            "antworten": {
                "l_maaro": "zeichen, malen !! \ud83d\ude01"
            }
        },
        {
            "frage": "Was ist ein Talent von mir?",
            "antworten": {
                "c_smiat": "Zeichnen"
            }
        },
        {
            "frage": "Was ist mein Lieblingsschnaps\/ -bier\/ -zigarette\/ -zigarre?",
            "antworten": {
                "f_tietz": "Ich war noch nie mit dir trinken :o"
            }
        },
        {
            "frage": "Was sind lustige Dinge die du mit mir gemacht hast?",
            "antworten": {
                "c_smiat": "Der Urlaub in Spanien ",
                "l_maaro": "Ich sag nur Stichwort: \"Slowmotion\" hahahah \ud83d\ude02\ud83d\ude02"
            }
        }
    ],
    "eigeneFragen": [
        {
            "frage": "Bist du Abschreiber oder l\u00e4sst du abschreiben?",
            "antwort": "Beides "
        },
        {
            "frage": "Ohne was gehst du nicht aus dem Haus?",
            "antwort": "Ohne mein Handy und meine Schl\u00fcssel geht es nicht "
        },
        {
            "frage": "Was ist das langweiligste Buch, dass du in deiner Schulzeit gelesen hast?",
            "antwort": "A streetcar named disire"
        },
        {
            "frage": "Was ist dein aktuelles Handy?",
            "antwort": "Samsung Galaxy Note 4"
        }
    ]
}