{
    "spruch": "",
    "rufnamen": [

    ],
    "freundesfragen": [
        {
            "frage": "Was beschreibt mich in 3 Worten?",
            "antworten": {
                "n_romei": "trinkfest, kameradschaftlich, sportlich"
            }
        },
        {
            "frage": "Was ist die schlimmste Angewohnheit von mir?",
            "antworten": {
                "l_cleme": "Nach dem kotzen oftmals nicht weiter saufen"
            }
        },
        {
            "frage": "Was ist ein Talent von mir?",
            "antworten": {
                "l_cleme": "Manchmal nach dem kotzen weiter saufen",
                "n_romei": "So viel Alkohol zu trinken wie du kannst."
            }
        },
        {
            "frage": "Was ist mein Lieblingsschnaps\/ -bier\/ -zigarette\/ -zigarre?",
            "antworten": {
                "l_cleme": "Korn, K\u00f6lsch , Nichtraucher",
                "n_romei": "Reissdorf K\u00f6lsch",
                "m_p\u00fctz": "K\u00f6lsch",
                "a_horsc": "J\u00e4germeister",
                "m_scham": "K\u00f6lsch"
            }
        },
        {
            "frage": "Was sind lustige Dinge die du mit mir gemacht hast?",
            "antworten": {
                "l_cleme": "Zu viele <3",
                "n_romei": "Nachts \u00fcber den Friedhof laufen, um nen Kasten Bier an der Tanke zu kaufen. The show must go on...",
                "a_horsc": "In Toilette eingesperrt"
            }
        },
        {
            "frage": "Welches Talent untersch\u00e4tzte ich?",
            "antworten": {
                "n_romei": "Ganz klar die Theoretische Physik! Die w\u00fcrde dir liegen!",
                "a_horsc": "Intiligenz",
                "m_p\u00fctz": "Saufen"
            }
        }
    ],
    "eigeneFragen": [
        {
            "frage": "Bist du Abschreiber oder l\u00e4sst du abschreiben?",
            "antwort": ""
        },
        {
            "frage": "Was war deine Lieblingsbesch\u00e4ftigung in Freistunden?",
            "antwort": ""
        },
        {
            "frage": "Wie alt warst du bei deiner ersten Alkoholvergiftung?",
            "antwort": ""
        }
    ]
}