{
    "spruch": "",
    "rufnamen": [

    ],
    "freundesfragen": [
        {
            "frage": "In welches Abenteuer sollte ich mich in der Zukunft st\u00fcrzen?",
            "antworten": [

            ]
        },
        {
            "frage": "Was beschreibt mich in 3 Worten?",
            "antworten": {
                "a_bieri": "Nett, sportlich, lustig"
            }
        },
        {
            "frage": "Was ist der Spitzname von mir?",
            "antworten": {
                "j_pesch": "Minchen",
                "a_bieri": "Schmitzel :)"
            }
        },
        {
            "frage": "Was ist ein Talent von mir?",
            "antworten": [

            ]
        },
        {
            "frage": "Was ist ein lustiger Fakt \u00fcber mich?",
            "antworten": [

            ]
        },
        {
            "frage": "Was sind lustige Dinge die du mit mir gemacht hast?",
            "antworten": {
                "j_pesch": "Wo soll ich da Anfangen?? ",
                "a_bieri": "Definitiv die LK fahrt! :D"
            }
        },
        {
            "frage": "Was w\u00fcrdest du mir gerne t\u00e4towieren?",
            "antworten": [

            ]
        },
        {
            "frage": "Wof\u00fcr gebe ich zu viel Geld aus?",
            "antworten": {
                "j_pesch": "Schuhe, Taschen, Blusen(hinten l\u00e4nger als vorne, mit Muster) "
            }
        }
    ],
    "eigeneFragen": [
        {
            "frage": "Was kann dir keiner nehmen?",
            "antwort": "Meine Familie und Freunde"
        },
        {
            "frage": "Was wird dir nicht fehlen?",
            "antwort": ""
        },
        {
            "frage": "Welches Schulfach war dein pers\u00f6nlicher Super- GAU?",
            "antwort": "Mathe"
        },
        {
            "frage": "Wer ist die d\u00fcmmste Person die du kennst?",
            "antwort": "Julia Buschmann "
        }
    ]
}