{
    "spruch": "",
    "rufnamen": [

    ],
    "freundesfragen": [
        {
            "frage": "Bin ich der Typ beleidigt, zickig oder aggro?",
            "antworten": [

            ]
        },
        {
            "frage": "Was ist ein typischer Satz von mir?",
            "antworten": [

            ]
        },
        {
            "frage": "Welches Talent untersch\u00e4tzte ich?",
            "antworten": [

            ]
        }
    ],
    "eigeneFragen": [
        {
            "frage": "Bist du der Typ beleidigt, zickig oder aggro?",
            "antwort": ""
        },
        {
            "frage": "L\u00e4uft bei dir?",
            "antwort": ""
        },
        {
            "frage": "Was wird dir nicht fehlen?",
            "antwort": ""
        }
    ]
}