{
    "spruch": "",
    "rufnamen": [
        "P\u00fctz"
    ],
    "freundesfragen": [
        {
            "frage": "Ein Toast kann gut schimmeln, was kann ich gut?",
            "antworten": {
                "d_hasle": "PUMPEN!!!"
            }
        },
        {
            "frage": "Warum ist D\u00fcsseldorf die sch\u00f6nste Stadt der Welt?",
            "antworten": {
                "s_lende": "Ist sie nicht ...",
                "m_thiem": "nein, einfach nein",
                "d_hasle": "Altstadt, Bier, Fortuna.. Gibt genug Gr\u00fcnde"
            }
        },
        {
            "frage": "Was ist der Spitzname von mir?",
            "antworten": {
                "m_thiem": "Parcel M\u00fctz",
                "s_lende": "P\u00fctz",
                "d_hasle": "M. P. \u00dctz oder Marcel Jean P\u00fctz",
                "s_cimes": "Mars oder Marshmallow :I "
            }
        },
        {
            "frage": "Was ist ein typischer Satz von mir?",
            "antworten": {
                "s_lende": "Mit der Hacke"
            }
        },
        {
            "frage": "Welche Mutprobe w\u00fcrdest du mir gerne verschreiben?",
            "antworten": {
                "d_hasle": "K\u00f6ln",
                "s_cimes": "einen Kasten Bier vernichten, an einer Wohnungst\u00fcr klingeln, die Menschen mit Glitzer beschmei\u00dfen und \"Feenstaub\" br\u00fcllen "
            }
        }
    ],
    "eigeneFragen": [
        {
            "frage": "Mit welchem Promi w\u00fcrdest du gerne mal im Aufzug steckenbleiben?",
            "antwort": "Selena Gomez"
        },
        {
            "frage": "Was ist dein Lieblingsfilm?",
            "antwort": "Die rechte und die linke Hand des Teufels"
        },
        {
            "frage": "Was sind deine Reiseziele?",
            "antwort": "Amerika, Japan, Kuba"
        },
        {
            "frage": "Was w\u00fcrdest du tun wenn du im Lotto gewinnen w\u00fcrdest?",
            "antwort": "Reisen"
        },
        {
            "frage": "Wie w\u00fcrdest du eine Bar leertrinken?",
            "antwort": "Mit Freunden"
        }
    ]
}