{
    "spruch": "",
    "rufnamen": [

    ],
    "freundesfragen": [
        {
            "frage": "Ein Toast kann gut schimmeln, was kann ich gut?",
            "antworten": {
                "t_schne": "Gute Laune verbreiten \ud83d\ude0a"
            }
        },
        {
            "frage": "Was beschreibt mich in 3 Worten?",
            "antworten": {
                "t_schne": "zuverl\u00e4ssig, \"verr\u00fcckt\", einzigartig"
            }
        },
        {
            "frage": "Was ist ein Talent von mir?",
            "antworten": {
                "t_schne": "Football spielen \ud83c\udfc8"
            }
        },
        {
            "frage": "Was ist ein lustiger Fakt \u00fcber mich?",
            "antworten": [

            ]
        },
        {
            "frage": "Was sind lustige Dinge die du mit mir gemacht hast?",
            "antworten": {
                "t_schne": "viel zu viele \ud83d\ude05 ",
                "c_smiat": "SoWi Unterricht "
            }
        },
        {
            "frage": "Wenn ich ein Zeichentrickcharakter w\u00e4re, welcher w\u00e4re das?",
            "antworten": {
                "t_schne": "Bob der Baumeister\ud83d\ude02"
            }
        }
    ],
    "eigeneFragen": [
        {
            "frage": "Was sind deine Reiseziele?",
            "antwort": ""
        },
        {
            "frage": "Was war dein Motto zur Schullaufbahn?",
            "antwort": ""
        },
        {
            "frage": "Was war deine Lieblingsbesch\u00e4ftigung in Freistunden?",
            "antwort": ""
        },
        {
            "frage": "Was waren die Helden deiner Kindheit?",
            "antwort": ""
        },
        {
            "frage": "Was wirst du von deiner Schulzeit vermissen?",
            "antwort": ""
        },
        {
            "frage": "Was w\u00fcrdest du tun wenn du im Lotto gewinnen w\u00fcrdest?",
            "antwort": ""
        },
        {
            "frage": "Welches Schulfach war dein pers\u00f6nlicher Super- GAU?",
            "antwort": ""
        }
    ]
}