{
    "spruch": "",
    "rufnamen": [

    ],
    "freundesfragen": [
        {
            "frage": "Aktuelles Lieblingslied?",
            "antworten": {
                "c_kuren": "Schusswaffenger\u00e4usche ",
                "l_lelit": "Low - Flo Rida"
            }
        },
        {
            "frage": "Was beschreibt mich in 3 Worten?",
            "antworten": {
                "l_lelit": "Frech, Schalke, Anti-Schlager",
                "j_pesch": "Ehrlich, direkt, verr\u00fcckt.",
                "l_schne": "Schlau, lustig, von Narzissmus gepr\u00e4gt ohne Gleichnis "
            }
        },
        {
            "frage": "Was besitze ich, dass du gerne h\u00e4ttest?",
            "antworten": {
                "j_pesch": "Deine Katzen! "
            }
        },
        {
            "frage": "Was ist die schlimmste Angewohnheit von mir?",
            "antworten": {
                "c_kuren": "Rauchen ",
                "l_lelit": "Dein Einhorn-Wahn "
            }
        },
        {
            "frage": "Was ist ein lustiger Fakt \u00fcber mich?",
            "antworten": {
                "c_kuren": "Wenn Carolin nachts alleine zuhause ist, makiert sie einen in 1000 Facebook beitr\u00e4gen. Ich wei\u00df ist nicht lustig, aber ein Fakt.",
                "l_schne": "Immer am Rauchen "
            }
        },
        {
            "frage": "Was ist mein Lieblingsschnaps\/ -bier\/ -zigarette\/ -zigarre?",
            "antworten": {
                "c_kuren": "Drum tabak ",
                "l_lelit": "Du trinkst lieber Wein oder irgendwas was ballert.",
                "l_schne": "Drum Tabak "
            }
        },
        {
            "frage": "Was sind dumme Spr\u00fcche von mir?",
            "antworten": {
                "l_schne": "Ich mag diese klaren N\u00e4chte nicht "
            }
        },
        {
            "frage": "Was w\u00fcrdest du mir gerne t\u00e4towieren?",
            "antworten": {
                "c_kuren": "Buttertheresa ",
                "l_lelit": "Gregor Samsa ",
                "l_schne": "Butter Theresa",
                "n_berg": "Ein Einhorn"
            }
        }
    ],
    "eigeneFragen": [
        {
            "frage": "Bist du Abschreiber oder l\u00e4sst du abschreiben?",
            "antwort": "Lasse abschreiben"
        },
        {
            "frage": "Mit welchem Promi w\u00fcrdest du gerne mal im Aufzug steckenbleiben?",
            "antwort": "Dominic Purcell + Jesse Williams #dreier"
        },
        {
            "frage": "Was war das Krasseste, dass du einem Lehrer je gesagt hast?",
            "antwort": "Habe Herrn Esser \"Arschloch\" genannt"
        },
        {
            "frage": "Was w\u00fcrdest du tun wenn du im Lotto gewinnen w\u00fcrdest?",
            "antwort": "Reisen, Weinkeller einrichten"
        },
        {
            "frage": "Welche CD ist dir am peinlichsten?",
            "antwort": "Enrique Iglesias "
        },
        {
            "frage": "Wie alt warst du bei deiner ersten Alkoholvergiftung?",
            "antwort": "14"
        },
        {
            "frage": "Worauf achtest du beim anderen Geschlecht?",
            "antwort": "H\u00e4nde, Augen, Gr\u00f6\u00dfe, Humor "
        }
    ]
}