{
    "spruch": "",
    "rufnamen": [

    ],
    "freundesfragen": [
        {
            "frage": "Was beschreibt mich in 3 Worten?",
            "antworten": {
                "n_romei": "",
                "\u00fc_genc": "1 in Bio.......",
                "l_cleme": "Kniescheibe, Vodka, Pole"
            }
        },
        {
            "frage": "Was ist der Spitzname von mir?",
            "antworten": {
                "n_romei": "Tornado Thomas",
                "m_thiem": "Schlampi",
                "\u00fc_genc": "Schampus",
                "l_cleme": "Michi"
            }
        },
        {
            "frage": "Was ist ein lustiger Fakt \u00fcber mich?",
            "antworten": {
                "n_romei": "Schwache Kniescheiben",
                "m_thiem": "klaust gerne",
                "\u00fc_genc": "1 in Bio....",
                "l_cleme": "Dir ist schon sehr oft die Kniescheibe rausgeflogen "
            }
        },
        {
            "frage": "Was ist ein typischer Satz von mir?",
            "antworten": {
                "n_romei": "",
                "\u00fc_genc": ""
            }
        },
        {
            "frage": "Was sind lustige Dinge die du mit mir gemacht hast?",
            "antworten": {
                "n_romei": "Der Abend mit den Jungs nach der Games.com.",
                "m_thiem": "Musik ._.",
                "\u00fc_genc": "",
                "l_cleme": "Jegliche Abende mit Alkohol "
            }
        },
        {
            "frage": "Wenn ich ein Zeichentrickcharakter w\u00e4re, welcher w\u00e4re das?",
            "antworten": {
                "n_romei": "Thomas die Lokomotive ",
                "\u00fc_genc": "Gary die Schnecke",
                "l_cleme": "Freddi Faulich von Lazy Town "
            }
        }
    ],
    "eigeneFragen": [
        {
            "frage": "Wann stehst du in der Regel auf?",
            "antwort": "09:30 Uhr"
        },
        {
            "frage": "Was ist dein aktuelles Handy?",
            "antwort": "OnePlus One"
        },
        {
            "frage": "Was ist deine Lieblingsserie\/-sendung?",
            "antwort": "Breaking Bad"
        },
        {
            "frage": "Was war dein dreister Spicker oder Schummeltrick?",
            "antwort": "in der Lateinklausur aufgestanden, um besser abschreiben zu k\u00f6nnen, w\u00e4hrend die Lehrerin mir den R\u00fccken zugewendet hat"
        },
        {
            "frage": "Welches Schulfach war dein pers\u00f6nlicher Super- GAU?",
            "antwort": "Latein"
        }
    ]
}