{
    "spruch": "Lachen ist die beste Medizin!",
    "rufnamen": [
        "Kim "
    ],
    "freundesfragen": [
        {
            "frage": "Was ist ein Talent von mir?",
            "antworten": [

            ]
        },
        {
            "frage": "Was ist ein Talent von mir?",
            "antworten": [

            ]
        },
        {
            "frage": "Wof\u00fcr gebe ich zu viel Geld aus?",
            "antworten": [

            ]
        }
    ],
    "eigeneFragen": [
        {
            "frage": "Ohne was gehst du nicht aus dem Haus?",
            "antwort": "Handy"
        },
        {
            "frage": "Was ist das langweiligste Buch, dass du in deiner Schulzeit gelesen hast?",
            "antwort": "Kabale und Liebe"
        },
        {
            "frage": "Was ist dein aktuelles Handy?",
            "antwort": "Samsung Galaxy Note 4"
        },
        {
            "frage": "Was kann dir keiner nehmen?",
            "antwort": "Die Liebe zu meiner Familie und all den Menschen die mir wichtig sind."
        },
        {
            "frage": "Was sind deine Reiseziele?",
            "antwort": "Kosovo und Montenegro"
        },
        {
            "frage": "Was war deine Lieblingsbesch\u00e4ftigung in Freistunden?",
            "antwort": "Zuhause schlafen"
        },
        {
            "frage": "Was wird dir nicht fehlen?",
            "antwort": "Mancher Unterricht "
        }
    ]
}