{
    "spruch": "",
    "rufnamen": [
        "amk"
    ],
    "freundesfragen": [
        {
            "frage": "Bin ich der Typ beleidigt, zickig oder aggro?",
            "antworten": {
                "m_mast": "manchmal ein bisschen lauter,aber nicht aggro und du bist die einzige,die trotz st\u00e4ndigen Spr\u00fcchen immer noch lacht \ud83d\ude01",
                "j_thiem": "Beleidigt aba s\u00fc\u00df ;)",
                "p_walla": "100 pro zickig hehe ;)",
                "t_gende": "Aggro",
                "\u00fc_genc": "Zickig...AmK",
                "l_lelit": "Aggro",
                "s_becke": "Beleidigt, zickig und aggro zu gleich :) ",
                "j_li": "Du bist Typ Anna also \u2026 eine Mischung aus allen so ein bisschen? ",
                "l_cleme": "",
                "c_henke": "Ganz klar: eine Mischung aus Zickig und aggro",
                "a_barto": "Hab dich selten wirklich aggressiv erlebt, genauso verh\u00e4lt es sich mit beleidigt, per Ausschlussverfahren bleibt dann also nur noch zickig \u00fcbrig",
                "b_calis": "aggro",
                "s_alper": "aggro"
            }
        },
        {
            "frage": "Was beschreibt mich in 3 Worten?",
            "antworten": {
                "m_mast": "Mathepro,(innerlich)blond,S\u00fc\u00dfkopf",
                "j_thiem": "Sportlich, liebensw\u00fcrdig, verr\u00fcckt",
                "p_walla": "Sportlich, nett, tollpatschig ",
                "\u00fc_genc": "AmK, du Moruk",
                "l_lelit": "Fu\u00dfball, ehrgeizig, aufgedreht ",
                "s_becke": "Laut, amk, Fu\u00dfball. ",
                "j_li": "",
                "l_cleme": "",
                "a_barto": "Laut, stark & kreischend",
                "s_alper": "ANNA MARIA KRINGS",
                "b_calis": "Wirre im Kopf",
                "c_henke": "Schreihals, Sport-Lk"
            }
        },
        {
            "frage": "Was ist die schlimmste Angewohnheit von mir?",
            "antworten": {
                "m_mast": "Keine Sahne auf deinem Schokobecher",
                "j_thiem": "Trillerpfeifen",
                "p_walla": "Alkohol - wei\u00dft Bescheid hahah ",
                "r_chris": "Du lachst zu viel",
                "l_lelit": "schnelles Ausrasten",
                "\u00fc_genc": "",
                "s_becke": "Das du deine stimme zu oft in hohen t\u00f6nen benutzt. ",
                "j_li": "Du sitzt NIEMALS still ",
                "l_cleme": "",
                "a_barto": "Dein ach so teures Handy quer durch die R\u00e4ume zu werfen. H\u00fcllen halten ja alles aus ;)",
                "c_henke": "Schreien"
            }
        },
        {
            "frage": "Was ist ein Talent von mir?",
            "antworten": {
                "m_mast": "eindeutig Mathematik",
                "j_thiem": "Leute in deinen Bann zu ziehen ",
                "a_barto": "Deine Talente zu verstecken",
                "p_walla": "Fu\u00dfball vielleicht ? ",
                "t_gende": "5km laufen",
                "\u00fc_genc": "Du bist t\u00fcrkischer als jede Ayse",
                "l_lelit": "",
                "s_becke": "Probleme zu haben. ",
                "j_li": "Isst viel aber wirst nicht dick ",
                "l_cleme": "",
                "s_alper": "Auswendig lernen",
                "c_henke": "Laut kreischen"
            }
        },
        {
            "frage": "Was ist ein typischer Satz von mir?",
            "antworten": {
                "m_mast": "Lass mich das mal machen,ich habe Bizeps \ud83d\ude02\ud83d\ude02\ud83d\ude02",
                "j_thiem": "Ey, meine Mama hat mit nicht erlaubt das Auto zu benutzen, dabei ist das MEIN Auto!",
                "a_barto": "An dieser Stelle kann ich nur Ger\u00e4usche einf\u00fcgen, es w\u00e4re sowas wie '\u00d6\u00f6\u00f6\u00f6\u00f6\u00f6h'",
                "p_walla": "Neeee du ?",
                "t_gende": "Halt die fresse.",
                "\u00fc_genc": "AmK",
                "l_lelit": "\"Boah Armin\"",
                "s_becke": "Boa ne. ",
                "j_li": "",
                "l_cleme": "",
                "s_alper": "AMK!"
            }
        },
        {
            "frage": "Was sind dumme Spr\u00fcche von mir?",
            "antworten": {
                "m_mast": "",
                "j_thiem": "Spanien ist nicht in Europa, da hat meine Flat nicht funktioniert.",
                "l_lelit": "",
                "\u00fc_genc": "",
                "s_becke": "",
                "j_li": "",
                "l_cleme": "",
                "s_alper": "Ich trete dich bis zum Mond!"
            }
        },
        {
            "frage": "Was w\u00fcrdest du mir gerne t\u00e4towieren?",
            "antworten": {
                "m_mast": "Dick&Doof im Doppelpack ",
                "j_thiem": "ein Schnitzel auf deinen Bizeps",
                "p_walla": "4 ever Zons ",
                "r_chris": "Pillenkusen(und dann ein Herz rund um Pillenkusen)",
                "\u00fc_genc": "Cheeseburger, AmK",
                "l_lelit": "eine Waldgeistflasche",
                "s_becke": "Chocolate chick ",
                "j_li": "",
                "l_cleme": "",
                "a_barto": "Wie ein Querschnittsgel\u00e4hmter durch ein Feld kriecht ;)",
                "b_calis": "Alle Netflix and Chill Witze auf denen wir uns gegenseitig makiert haben"
            }
        }
    ],
    "eigeneFragen": [
        {
            "frage": "Schon mal aufs Maul gekriegt? Wenn ja, zur\u00fcckgeschlagen?",
            "antwort": "nur immer fast (Sport LK mit Chris Schmitz), Chris hat sich eine Backpfeife auf LK-Fahrt eingefangen"
        },
        {
            "frage": "Was ist deine Lieblingsserie\/-sendung?",
            "antwort": "Prison Break"
        },
        {
            "frage": "Was war deine Lieblingsbesch\u00e4ftigung in Freistunden?",
            "antwort": "McDonald's, Subway"
        },
        {
            "frage": "Wer geh\u00f6rt zu deinem Freundeskreis?",
            "antwort": "Eierkopf Marie, Schlaukopf Julia, Reiskocher Jessi "
        }
    ]
}