{
    "spruch": "",
    "rufnamen": [

    ],
    "freundesfragen": [
        {
            "frage": "Bin ich der Typ beleidigt, zickig oder aggro?",
            "antworten": [

            ]
        },
        {
            "frage": "Was beschreibt mich in 3 Worten?",
            "antworten": [

            ]
        },
        {
            "frage": "Was besitze ich, dass du gerne h\u00e4ttest?",
            "antworten": [

            ]
        },
        {
            "frage": "Was ist die schlimmste Angewohnheit von mir?",
            "antworten": [

            ]
        },
        {
            "frage": "Was ist ein Talent von mir?",
            "antworten": [

            ]
        },
        {
            "frage": "Was w\u00fcrdest du mir gerne t\u00e4towieren?",
            "antworten": [

            ]
        },
        {
            "frage": "Welche Mutprobe w\u00fcrdest du mir gerne verschreiben?",
            "antworten": [

            ]
        },
        {
            "frage": "Wof\u00fcr gebe ich zu viel Geld aus?",
            "antworten": [

            ]
        }
    ],
    "eigeneFragen": [
        {
            "frage": "Bist du Abschreiber oder l\u00e4sst du abschreiben?",
            "antwort": ""
        },
        {
            "frage": "Du hast eine S\u00fcnde frei, welche verbotene Sache w\u00fcrdest du machen?",
            "antwort": ""
        },
        {
            "frage": "Was war der peinlichste Moment deiner Schulzeit?",
            "antwort": ""
        },
        {
            "frage": "Was wird dir nicht fehlen?",
            "antwort": ""
        },
        {
            "frage": "Was w\u00fcrdest du tun wenn du im Lotto gewinnen w\u00fcrdest?",
            "antwort": ""
        },
        {
            "frage": "Welche 5 Dinge w\u00fcrdest du mit auf eine einsame Insel nehmen?",
            "antwort": ""
        },
        {
            "frage": "Wof\u00fcr gibst du zu viel Geld aus?",
            "antwort": ""
        },
        {
            "frage": "Worauf achtest du beim anderen Geschlecht?",
            "antwort": ""
        }
    ]
}