{
    "spruch": "",
    "rufnamen": [

    ],
    "freundesfragen": [
        {
            "frage": "Ein Toast kann gut schimmeln, was kann ich gut?",
            "antworten": [

            ]
        },
        {
            "frage": "Was ist der Spitzname von mir?",
            "antworten": [

            ]
        },
        {
            "frage": "Was ist die schlimmste Angewohnheit von mir?",
            "antworten": [

            ]
        },
        {
            "frage": "Was ist ein lustiger Fakt \u00fcber mich?",
            "antworten": [

            ]
        },
        {
            "frage": "Was sind dumme Spr\u00fcche von mir?",
            "antworten": [

            ]
        },
        {
            "frage": "Was sind lustige Dinge die du mit mir gemacht hast?",
            "antworten": [

            ]
        },
        {
            "frage": "Was w\u00fcrdest du mir gerne t\u00e4towieren?",
            "antworten": [

            ]
        },
        {
            "frage": "Wenn ich ein Zeichentrickcharakter w\u00e4re, welcher w\u00e4re das?",
            "antworten": [

            ]
        }
    ],
    "eigeneFragen": [
        {
            "frage": "Bist du Abschreiber oder l\u00e4sst du abschreiben?",
            "antwort": ""
        },
        {
            "frage": "Mit welchem Promi w\u00fcrdest du gerne mal im Aufzug steckenbleiben?",
            "antwort": ""
        },
        {
            "frage": "Wann stehst du in der Regel auf?",
            "antwort": ""
        },
        {
            "frage": "Was ist das langweiligste Buch, dass du in deiner Schulzeit gelesen hast?",
            "antwort": ""
        },
        {
            "frage": "Was sind deine Reiseziele?",
            "antwort": ""
        },
        {
            "frage": "Was war dein dreister Spicker oder Schummeltrick?",
            "antwort": ""
        },
        {
            "frage": "Was wirst du von deiner Schulzeit vermissen?",
            "antwort": ""
        },
        {
            "frage": "Welches Schulfach war dein pers\u00f6nlicher Super- GAU?",
            "antwort": ""
        }
    ]
}