{
    "spruch": "",
    "rufnamen": [

    ],
    "freundesfragen": [
        {
            "frage": "Ein Toast kann gut schimmeln, was kann ich gut?",
            "antworten": {
                "s_meyer": "Zu sp\u00e4t kommen ",
                "j_thiem": "Feiern ;)",
                "l_lelit": "Rosen basteln",
                "j_reide": "Die Ruhe bewahren ",
                "r_chris": "Bei der klapse ausrasten",
                "\u00fc_genc": "B\u00e4rte bei Snap malen...",
                "j_li": "Zu sp\u00e4t ins Flexx kommen + intelligent  sein :)",
                "a_kr\u00e4me": "alkohol trinken ",
                "n_romei": "Unvorbereitet jede H\u00fcrde meistern!"
            }
        },
        {
            "frage": "In welches Abenteuer sollte ich mich in der Zukunft st\u00fcrzen?",
            "antworten": {
                "s_meyer": "Party Palmen Weiber und nen Bier ",
                "g_vlamo": "In ein abenteuerliches soziales Jahr",
                "n_romei": "Das Festival ABC durchfeiern!"
            }
        },
        {
            "frage": "Was beschreibt mich in 3 Worten?",
            "antworten": {
                "l_lelit": "Klein, faul, Malle",
                "j_reide": "Lustig, ermutigend, bedacht und s\u00fc\u00df und und und...",
                "r_chris": "Nina im Fieber",
                "\u00fc_genc": "Fr\u00fchaufsteher, P\u00fcnktlichkeit, Sarkasmus...",
                "a_kr\u00e4me": "s\u00fc\u00df, nett, blondi ",
                "n_romei": "Intelligent, klein und einesuperfreundin",
                "g_vlamo": "Van. Den. Berg."
            }
        },
        {
            "frage": "Was ist der Spitzname von mir?",
            "antworten": {
                "j_reide": "Nieeen \u2764",
                "l_lelit": "Nini",
                "r_chris": "Ninchen im Suff",
                "g_vlamo": "Nini",
                "\u00fc_genc": "Ninisnap09... ist falsch..is aber egal",
                "j_li": "Nini",
                "n_romei": "Nini"
            }
        },
        {
            "frage": "Was ist ein typischer Satz von mir?",
            "antworten": {
                "s_meyer": "Fick die Henne ",
                "l_lelit": "Nein, ich hab noch nicht gelernt ",
                "j_li": "Ich fang n\u00e4chste Woche erst an zu lernen? :D",
                "n_romei": "Darf er dass?!",
                "g_vlamo": "Och menno"
            }
        },
        {
            "frage": "Was ist mein Lieblingsschnaps\/ -bier\/ -zigarette\/ -zigarre?",
            "antworten": {
                "j_reide": "Baileys ",
                "s_meyer": "Baileys ",
                "l_lelit": "J\u00e4germeister",
                "r_chris": "J\u00e4germeister sollte bei dir auch fit gehen",
                "\u00fc_genc": "Meisterj\u00e4ger?",
                "j_li": "Bailey's ? Ich glaube du trinkst alles eigentlich :D",
                "a_kr\u00e4me": "alles ",
                "n_romei": "Haselnuss Bailey's"
            }
        },
        {
            "frage": "Wenn ich ein Zeichentrickcharakter w\u00e4re, welcher w\u00e4re das?",
            "antworten": {
                "j_reide": "Simsalabim Sabrina ",
                "j_thiem": "Lisa Simpson",
                "\u00fc_genc": "Baby Poof (Cosmo und Wanda)",
                "j_li": "Prinzessin Lilyfee aber mit glatten Haaren",
                "n_romei": "Bibi Blocksberg",
                "g_vlamo": "PC Principal"
            }
        }
    ],
    "eigeneFragen": [
        {
            "frage": "Wann das letzte Mal bei einem Helene Fischer-Song mitgesungen?",
            "antwort": ""
        },
        {
            "frage": "Wann stehst du in der Regel auf?",
            "antwort": ""
        },
        {
            "frage": "Was sind deine Reiseziele?",
            "antwort": ""
        },
        {
            "frage": "Was war dein Motto zur Schullaufbahn?",
            "antwort": ""
        },
        {
            "frage": "Was war deine Lieblingsbesch\u00e4ftigung in Freistunden?",
            "antwort": ""
        },
        {
            "frage": "Welches Schulfach war dein pers\u00f6nlicher Super- GAU?",
            "antwort": ""
        },
        {
            "frage": "Wie oft hast du letztes Jahr \u201eHoch auf uns\u201c gesungen?",
            "antwort": ""
        },
        {
            "frage": "Wie w\u00fcrdest du eine Bar leertrinken?",
            "antwort": ""
        }
    ]
}