{
    "spruch": "",
    "rufnamen": [

    ],
    "freundesfragen": [
        {
            "frage": "Was beschreibt mich in 3 Worten?",
            "antworten": {
                "a_kr\u00e4me": "Behindert, lustig , besoffen ",
                "m_heimb": "Milf-Hunter Deluxe",
                "j_malys": "Du bist schwul ",
                "m_milan": "humorvoll, Spa\u00dfbombe, einzigartig "
            }
        },
        {
            "frage": "Was besitze ich, dass du gerne h\u00e4ttest?",
            "antworten": {
                "m_heimb": "Deine Nase",
                "j_malys": "Dein Auto ",
                "m_milan": "F\u00fchrerschein "
            }
        },
        {
            "frage": "Was sind lustige Dinge die du mit mir gemacht hast?",
            "antworten": {
                "a_kr\u00e4me": "Bei mc Drive gewesen und nach ner Pizza gefragt , an Karneval einfach mal bei Roller aufm Sofa geschillt bis wir rausgeschmissen wurden und es gibt noch viel mehr haha ",
                "m_heimb": "Mit Untermenschen geredet",
                "j_malys": "Gelacht",
                "m_milan": "Reliunterricht und au\u00dferdem hatten wir viele lustige N\u00e4chte in unserem Lieblingsclub..."
            }
        },
        {
            "frage": "Wof\u00fcr gebe ich zu viel Geld aus?",
            "antworten": {
                "a_kr\u00e4me": "essen und Alkohol!!!",
                "m_heimb": "Nutten",
                "j_malys": "Zigaretten ",
                "m_milan": "DEN Club"
            }
        }
    ],
    "eigeneFragen": [
        {
            "frage": "Bist du Abschreiber oder l\u00e4sst du abschreiben?",
            "antwort": ""
        },
        {
            "frage": "Was ist dein Lieblingsort in der Schule?",
            "antwort": ""
        },
        {
            "frage": "Was kann dir keiner nehmen?",
            "antwort": ""
        },
        {
            "frage": "Welches Schulfach war dein pers\u00f6nlicher Super- GAU?",
            "antwort": ""
        }
    ]
}