{
    "spruch": "",
    "rufnamen": [

    ],
    "freundesfragen": [
        {
            "frage": "Was beschreibt mich in 3 Worten?",
            "antworten": {
                "s_\u00f6lker": "Frech, Ehrgeizig, Lustig",
                "a_heine": "",
                "c_landm": "Singen, Cindy, geldgeil"
            }
        },
        {
            "frage": "Was besitze ich, dass du gerne h\u00e4ttest?",
            "antworten": {
                "s_\u00f6lker": "",
                "a_heine": "",
                "c_landm": "Katzen",
                "k_pethk": "Eine sch\u00f6ne Stimme"
            }
        },
        {
            "frage": "Was ist die schlimmste Angewohnheit von mir?",
            "antworten": {
                "s_\u00f6lker": "Nicht zuh\u00f6ren ",
                "k_pethk": "Hausaufgaben abschreiben und sie dann vortragen..",
                "c_landm": "Schlechtes Einparken haha"
            }
        },
        {
            "frage": "Was ist ein lustiger Fakt \u00fcber mich?",
            "antworten": {
                "s_\u00f6lker": "",
                "c_landm": "Als du einen von den A\u00dfm\u00e4nnern gekratzt hast"
            }
        },
        {
            "frage": "Was ist ein typischer Satz von mir?",
            "antworten": {
                "s_\u00f6lker": "\"Boa ja eh\"",
                "k_pethk": "Hast du die Hausaufgaben in Mathe gemacht?",
                "c_landm": "Das ist v\u00f6llig Banane"
            }
        },
        {
            "frage": "Wenn ich ein Zeichentrickcharakter w\u00e4re, welcher w\u00e4re das?",
            "antworten": {
                "s_\u00f6lker": "Patamon",
                "c_landm": "Kenne zu wenige haha #nosuperrtl"
            }
        }
    ],
    "eigeneFragen": [
        {
            "frage": "Du hast eine S\u00fcnde frei, welche verbotene Sache w\u00fcrdest du machen?",
            "antwort": ""
        },
        {
            "frage": "Mit welchem Promi w\u00fcrdest du gerne mal im Aufzug steckenbleiben?",
            "antwort": ""
        },
        {
            "frage": "Was ist das d\u00fcmmste was du je gemacht hast?",
            "antwort": ""
        },
        {
            "frage": "Was ist dein Lieblingsort in der Schule?",
            "antwort": "Das Schulklo"
        },
        {
            "frage": "Was war der peinlichste Moment deiner Schulzeit?",
            "antwort": ""
        },
        {
            "frage": "Was wirst du von deiner Schulzeit vermissen?",
            "antwort": ""
        },
        {
            "frage": "Wof\u00fcr gibst du zu viel Geld aus?",
            "antwort": "Essen"
        },
        {
            "frage": "Wovor hast du Angst?",
            "antwort": ""
        }
    ]
}