{
    "spruch": "",
    "rufnamen": [

    ],
    "freundesfragen": [
        {
            "frage": "Was beschreibt mich in 3 Worten?",
            "antworten": {
                "c_landm": "Bunker, Stress & fucking steemend",
                "c_herge": "suff, verr\u00fcckt, gespr\u00e4chig",
                "m_heimb": "Sympathisch, witzig, vertrauensw\u00fcrdig "
            }
        },
        {
            "frage": "Was ist ein lustiger Fakt \u00fcber mich?",
            "antworten": {
                "c_landm": "Wenn Charlotte Kinder kriegt, ist es ein Unfall oder eine Tat der Verzweiflung.",
                "m_heimb": "Fergus Geminis ",
                "l_schne": "Immer im Stress \ud83d\ude02"
            }
        },
        {
            "frage": "Was ist mein Lieblingsschnaps\/ -bier\/ -zigarette\/ -zigarre?",
            "antworten": {
                "c_landm": "Tequila",
                "c_herge": "WEIN, und sonst trinkst du auch alles gerne du alte Saufziege ;)",
                "l_schne": "Marlboro "
            }
        },
        {
            "frage": "Wer ist der\/die perfekte Freund\/Freundin f\u00fcr mich?",
            "antworten": {
                "c_landm": "JD",
                "m_heimb": "Einer mit Problemen, dem du helfen kannst \ud83d\ude02"
            }
        },
        {
            "frage": "Wof\u00fcr gebe ich zu viel Geld aus?",
            "antworten": {
                "c_landm": "Du hast genug Geld",
                "m_heimb": "Alkohol und Zigaretten ",
                "l_schne": "Essen, Kippen"
            }
        }
    ],
    "eigeneFragen": [
        {
            "frage": "Ohne was gehst du nicht aus dem Haus?",
            "antwort": "Handy und Kopfh\u00f6rer "
        },
        {
            "frage": "Seit wann bist du speifrei? (nur alkoholische Verschuldungen)",
            "antwort": ""
        },
        {
            "frage": "Was sind deine Reiseziele?",
            "antwort": "Costa Rica "
        },
        {
            "frage": "Was wirst du von deiner Schulzeit vermissen?",
            "antwort": "Gespr\u00e4che auf dem Flur "
        },
        {
            "frage": "Welches Schulfach war dein pers\u00f6nlicher Super- GAU?",
            "antwort": "Latein"
        },
        {
            "frage": "Wie bringt man dich auf 180?",
            "antwort": ""
        },
        {
            "frage": "Wof\u00fcr gibst du zu viel Geld aus?",
            "antwort": "Essen"
        }
    ]
}