{
    "spruch": "",
    "rufnamen": [

    ],
    "freundesfragen": [
        {
            "frage": "Ein Toast kann gut schimmeln, was kann ich gut?",
            "antworten": [

            ]
        },
        {
            "frage": "In welches Abenteuer sollte ich mich in der Zukunft st\u00fcrzen?",
            "antworten": [

            ]
        },
        {
            "frage": "Was beschreibt mich in 3 Worten?",
            "antworten": [

            ]
        },
        {
            "frage": "Was besitze ich, dass du gerne h\u00e4ttest?",
            "antworten": [

            ]
        },
        {
            "frage": "Was ist ein lustiger Fakt \u00fcber mich?",
            "antworten": [

            ]
        },
        {
            "frage": "Was w\u00fcrdest du mir gerne t\u00e4towieren?",
            "antworten": [

            ]
        }
    ],
    "eigeneFragen": [
        {
            "frage": "Was ist dein Lieblingsfilm?",
            "antwort": ""
        },
        {
            "frage": "Was ist dein Lieblingsort in der Schule?",
            "antwort": ""
        },
        {
            "frage": "Was ist dein aktuelles Lieblingslied?",
            "antwort": ""
        },
        {
            "frage": "Was sind deine Reiseziele?",
            "antwort": ""
        },
        {
            "frage": "Was war deine Lieblingsbesch\u00e4ftigung in Freistunden?",
            "antwort": ""
        },
        {
            "frage": "Welche 5 Dinge w\u00fcrdest du mit auf eine einsame Insel nehmen?",
            "antwort": ""
        },
        {
            "frage": "Wie kann man dich am besten beeindrucken?",
            "antwort": ""
        }
    ]
}