{
    "spruch": "",
    "rufnamen": [

    ],
    "freundesfragen": [
        {
            "frage": "Ein Toast kann gut schimmeln, was kann ich gut?",
            "antworten": {
                "l_cleme": "Organisieren, s\u00e4mtliche sportliche Aktivit\u00e4ten",
                "r_chris": "Schwitzen",
                "f_bleck": "Fussball spielen, Hauptst\u00e4dte",
                "b_salci": "Reden",
                "a_horsc": "Im Sport rumkommandieren",
                "j_thiem": "Alles?!",
                "n_berg": "asiatisch kochen, organisieren und streichen :D "
            }
        },
        {
            "frage": "In welches Abenteuer sollte ich mich in der Zukunft st\u00fcrzen?",
            "antworten": {
                "l_cleme": "Weltreise",
                "m_scham": "NFL Spiel live gucken",
                "f_bleck": "Fussball-Nationalspieler werden",
                "m_p\u00fctz": "Weltreise",
                "j_thiem": "Hast du nicht alles schon mal gemacht?!",
                "n_berg": "Fallschirmsprung?"
            }
        },
        {
            "frage": "Was beschreibt mich in 3 Worten?",
            "antworten": {
                "l_cleme": "Flei\u00dfig, ehrlich, hilfsbereit",
                "b_salci": "Klug, ausgeflippt, lustig",
                "m_p\u00fctz": "Gro\u00df, NFL Fan, Schalke Fan",
                "a_horsc": "Echt fresher Typ",
                "j_thiem": "abenteuerlustig, happy, organisiert",
                "n_berg": "ehrgeizig, Sympathiebolzen und guterZuh\u00f6rer"
            }
        },
        {
            "frage": "Was ist der Spitzname von mir?",
            "antworten": {
                "l_cleme": "Nicki",
                "f_bleck": "Popcorn",
                "b_salci": "Nickel",
                "n_berg": "Nicki"
            }
        },
        {
            "frage": "Was sind lustige Dinge die du mit mir gemacht hast?",
            "antworten": {
                "l_cleme": "Unz\u00e4hlige Abende, an denen gewisse Mengen an Alkohol im Spiel war",
                "r_chris": "Unsere Suffabenteurer",
                "m_scham": "Suff",
                "a_barto": "Karneval, Silvester und dieses wahnwitzige Projekt hier",
                "j_thiem": "zu viele um sie aufzulisten",
                "n_berg": "ausn\u00fcchtern an Neujahr "
            }
        },
        {
            "frage": "Welche Mutprobe w\u00fcrdest du mir gerne verschreiben?",
            "antworten": {
                "l_cleme": "Oberk\u00f6rperfrei \u00fcber die K\u00f6lner Stra\u00dfe laufen",
                "m_p\u00fctz": "Fallschirm springen"
            }
        }
    ],
    "eigeneFragen": [
        {
            "frage": "Du hast eine S\u00fcnde frei, welche verbotene Sache w\u00fcrdest du machen?",
            "antwort": "Mit Freunden nachts ins Freibad einsteigen."
        },
        {
            "frage": "Mit welchem Promi w\u00fcrdest du gerne mal im Aufzug steckenbleiben?",
            "antwort": "Toni Garrn - Von mir aus k\u00f6nnte der Aufzug l\u00e4nger stecken bleiben!"
        },
        {
            "frage": "Was ist dein Lieblingsort in der Schule?",
            "antwort": "Der Kreistisch auf dem Schulhof."
        },
        {
            "frage": "Was kann dir keiner nehmen?",
            "antwort": "Immer ein L\u00e4cheln auf den Lippen zu haben."
        },
        {
            "frage": "Welches Schulfach war dein pers\u00f6nlicher Super- GAU?",
            "antwort": "Informatik in der EF - Ich habe genau 7 Tage ausgehalten."
        },
        {
            "frage": "Wenn du nicht du w\u00e4rst, wer w\u00e4rst du dann?",
            "antwort": "Sebastian Vettel"
        }
    ]
}