{
    "spruch": "",
    "rufnamen": [
        "Gimpel"
    ],
    "freundesfragen": [
        {
            "frage": "L\u00e4uft bei mir?",
            "antworten": {
                "j_pesch": "Sicherlich.",
                "l_lelit": "ja, klar!",
                "\u00fc_genc": "selbstverbist\u00e4ndlich...",
                "d_hasle": "Klar, so oft, wie du geblitzt wirst",
                "n_romei": "",
                "p_walla": "L\u00e4uft bei uns #GeschichtsCooperation ",
                "l_cleme": "Ja man!",
                "s_alper": "Ja ",
                "c_henke": "In schlangenlinien",
                "m_p\u00fctz": "Bis du stolperst"
            }
        },
        {
            "frage": "Was ist mein Lieblingsschnaps\/ -bier\/ -zigarette\/ -zigarre?",
            "antworten": {
                "j_pesch": "J\u00e4germeister, sonst ist Korn noch beliebt",
                "l_lelit": "Zwij\u00e4bako (warm)",
                "\u00fc_genc": "Meisterj\u00e4ger",
                "m_scham": "J\u00e4germeister",
                "m_p\u00fctz": "J\u00e4germeister",
                "d_hasle": "Muss man, glaube ich, nicht erw\u00e4hnen",
                "n_romei": "J\u00e4germeister",
                "j_li": "Ist das eine Fun-Frage?",
                "m_thiem": "M\u00e4gerjeister",
                "l_cleme": "J\u00e4germeister ",
                "s_alper": "J\u00e4germeister (Ute)"
            }
        },
        {
            "frage": "Wof\u00fcr gebe ich zu viel Geld aus?",
            "antworten": {
                "j_pesch": "Schnaps w\u00fcrde ich vermuten.",
                "l_lelit": "50ct Partys in der Klapse",
                "\u00fc_genc": "Meisterj\u00e4ger",
                "d_hasle": "Schnaps und Mc's",
                "n_romei": "Alkohol",
                "p_walla": "J\u00e4germeister ",
                "j_li": "Siehe 2.",
                "l_cleme": "J\u00e4germeister :D",
                "s_alper": "Alkohol",
                "c_henke": "Alkohol ",
                "m_thiem": "J\u00e4germeister nat\u00fcrlich :D"
            }
        }
    ],
    "eigeneFragen": [
        {
            "frage": "Was ist dein aktuelles Lieblingslied?",
            "antwort": "Hello (Reggae Cover) - Conkarah"
        },
        {
            "frage": "Was ist deine Lieblingsserie\/-sendung?",
            "antwort": "Game of Thrones "
        },
        {
            "frage": "Wenn du Kreide w\u00e4rst, welche Farbe w\u00e4rst du dann?",
            "antwort": "Blau"
        },
        {
            "frage": "Wenn du ein Zeichentrickcharakter w\u00e4rst, welcher w\u00e4re das?",
            "antwort": "Blaubarschbube"
        },
        {
            "frage": "Wer ist die d\u00fcmmste Person die du kennst?",
            "antwort": "\u00dcl\u00fc\u00fc\u00fcm"
        },
        {
            "frage": "Wovor hast du Angst?",
            "antwort": "Vorm schwarzen Mann ..."
        }
    ]
}