{
    "spruch": "",
    "rufnamen": [

    ],
    "freundesfragen": [
        {
            "frage": "Was beschreibt mich in 3 Worten?",
            "antworten": {
                "r_kainz": "Sportlich,blond und knuddelig",
                "s_wagne": "Sympathisch, nett, lustig ",
                "s_doder": "ehrlich, tollpatschig, verl\u00e4sslich",
                "c_thiem": "dumm fett h\u00e4sslich SPA\u00df ironisch vertrauensvoll liebenswert ",
                "s_cimes": "klug, dokus\u00fcchtig, fair",
                "e_neufe": "Kaum zu beschreiben. "
            }
        },
        {
            "frage": "Was besitze ich, dass du gerne h\u00e4ttest?",
            "antworten": {
                "r_kainz": "",
                "c_smiat": "Dein Pferd ",
                "s_wagne": "Wei\u00df nicht ",
                "s_doder": "Ein Pferd xD",
                "c_thiem": "ein wundersch\u00f6nes Pony *-*",
                "s_cimes": "ein Pferdchen"
            }
        },
        {
            "frage": "Was ist ein typischer Satz von mir?",
            "antworten": {
                "r_kainz": "Ich h\u00e4tte gern eine Mezzomix, aber mit mehr Cola als Fanta\"",
                "s_wagne": "Gibt glaube ich zu viele \ud83d\ude01",
                "s_doder": "\"Ich komme etwas sp\u00e4ter\" und \"Denkst du da gibt es was zu essen?\"",
                "f_tietz": "Ne, ich kann heute nicht, muss nachher noch zum Pferd!",
                "s_cimes": "Ich muss gleich zu Celena",
                "c_smiat": "Isso"
            }
        },
        {
            "frage": "Was w\u00fcrdest du mir gerne t\u00e4towieren?",
            "antworten": {
                "r_kainz": "",
                "r_sieve": "Ein gro\u00dfes schwarzes Loch!",
                "s_wagne": "Gute Frage \ud83d\ude01",
                "s_doder": "Unlimited",
                "c_thiem": "I love Corina",
                "s_cimes": "ein gro\u00dfes T.H. :D",
                "c_smiat": "Die Grinsekatze"
            }
        },
        {
            "frage": "Welche Mutprobe w\u00fcrdest du mir gerne verschreiben?",
            "antworten": {
                "r_kainz": "",
                "s_wagne": "Aus einem Flugzeug mit einem Fallschirm springen "
            }
        },
        {
            "frage": "Wenn ich ein Zeichentrickcharakter w\u00e4re, welcher w\u00e4re das?",
            "antworten": {
                "r_kainz": "Wendy",
                "s_wagne": "Bibi (aus Bibi und Tina)",
                "s_doder": "Anna (Frozen)",
                "s_cimes": "Spinelli"
            }
        },
        {
            "frage": "Wof\u00fcr gebe ich zu viel Geld aus?",
            "antworten": {
                "r_kainz": "Pferdeartikel ^^",
                "c_smiat": "Dein Pferd",
                "s_wagne": "Essen \ud83d\ude01\ud83d\ude02",
                "s_doder": "F\u00fcr dein Pferd und f\u00fcr Essen ^^",
                "e_neufe": "Pferde? "
            }
        }
    ],
    "eigeneFragen": [
        {
            "frage": "Bist du Abschreiber oder l\u00e4sst du abschreiben?",
            "antwort": "Mal schreibe ich ab, mal lasse ich abschreiben"
        },
        {
            "frage": "Ohne was gehst du nicht aus dem Haus?",
            "antwort": "Meinem Handy"
        },
        {
            "frage": "Was war dein dreister Spicker oder Schummeltrick?",
            "antwort": "Vokabeltest 1 .Reihe: ich hatte das Buch offen vor mir liegen, wurde nicht erwischt."
        },
        {
            "frage": "Was war deine Lieblingsbesch\u00e4ftigung in Freistunden?",
            "antwort": "Mit Freunden Bl\u00f6dsinn machen und zu Netto gehen"
        },
        {
            "frage": "Was wird dir nicht fehlen?",
            "antwort": "Hausaufgaben, die kaputte Heizungsanlage"
        },
        {
            "frage": "Was wirst du von deiner Schulzeit vermissen?",
            "antwort": "Die Ferien, jeden Tag mit vielen Freunden zusammen verbringen"
        }
    ]
}