{
    "spruch": "",
    "rufnamen": [

    ],
    "freundesfragen": [
        {
            "frage": "Ein Toast kann gut schimmeln, was kann ich gut?",
            "antworten": {
                "d_hasle": "Toasten (Gespannt, ob du es verstehst)",
                "n_st\u00fcbn": "Toasten"
            }
        },
        {
            "frage": "Ein Toast kann gut schimmeln, was kann ich gut?",
            "antworten": {
                "r_sieve": "abgehen"
            }
        },
        {
            "frage": "Was beschreibt mich in 3 Worten?",
            "antworten": {
                "d_hasle": "Tough, Kurzhaarfrisur und Trailerpark",
                "n_st\u00fcbn": "Abgefuckt, sch\u00f6n sarkastisch "
            }
        },
        {
            "frage": "Was ist ein typischer Satz von mir?",
            "antworten": [

            ]
        },
        {
            "frage": "Was w\u00fcrdest du mir gerne t\u00e4towieren?",
            "antworten": {
                "r_sieve": "Wer will frische Kekse, ham' wir Grade erst gebacken, Vorsicht Finger nicht verbrennen, die sind Hei\u00df, Schei\u00df, hei\u00df",
                "d_hasle": "Wir haben alle in der Schule geraucht..",
                "n_st\u00fcbn": "Irgend einen Text von Justin Bieber "
            }
        },
        {
            "frage": "Wof\u00fcr gebe ich zu viel Geld aus?",
            "antworten": {
                "r_sieve": "kippen, merch",
                "d_hasle": "Gute Frage, du hast ja nie welches! :D",
                "n_st\u00fcbn": "Merch"
            }
        }
    ],
    "eigeneFragen": [
        {
            "frage": "Bist du Abschreiber oder l\u00e4sst du abschreiben?",
            "antwort": ""
        },
        {
            "frage": "Bist du Abschreiber oder l\u00e4sst du abschreiben?",
            "antwort": ""
        },
        {
            "frage": "Seit wann bist du speifrei? (nur alkoholische Verschuldungen)",
            "antwort": ""
        },
        {
            "frage": "Was kann dir keiner nehmen?",
            "antwort": ""
        },
        {
            "frage": "Was wirst du von deiner Schulzeit vermissen?",
            "antwort": ""
        },
        {
            "frage": "Wof\u00fcr gibst du zu viel Geld aus?",
            "antwort": ""
        }
    ]
}