{
    "spruch": "",
    "rufnamen": [

    ],
    "freundesfragen": [
        {
            "frage": "Ein Toast kann gut schimmeln, was kann ich gut?",
            "antworten": [

            ]
        },
        {
            "frage": "Was beschreibt mich in 3 Worten?",
            "antworten": [

            ]
        },
        {
            "frage": "Was ist ein lustiger Fakt \u00fcber mich?",
            "antworten": [

            ]
        },
        {
            "frage": "Was ist ein typischer Satz von mir?",
            "antworten": [

            ]
        },
        {
            "frage": "Was sind dumme Spr\u00fcche von mir?",
            "antworten": [

            ]
        },
        {
            "frage": "Was sind lustige Dinge die du mit mir gemacht hast?",
            "antworten": [

            ]
        },
        {
            "frage": "Wer ist der\/die perfekte Freund\/Freundin f\u00fcr mich?",
            "antworten": [

            ]
        }
    ],
    "eigeneFragen": [
        {
            "frage": "Was kann dir keiner nehmen?",
            "antwort": ""
        },
        {
            "frage": "Was war das Krasseste, dass du einem Lehrer je gesagt hast?",
            "antwort": ""
        },
        {
            "frage": "Wof\u00fcr gibst du zu viel Geld aus?",
            "antwort": ""
        }
    ]
}