{
    "spruch": "",
    "rufnamen": [

    ],
    "freundesfragen": [
        {
            "frage": "In welches Abenteuer sollte ich mich in der Zukunft st\u00fcrzen?",
            "antworten": {
                "l_lelit": "Single-Party",
                "j_reide": "Den Traum von Amsterdam",
                "n_berg": "Drei Tage wach von Freitag auf Montag"
            }
        },
        {
            "frage": "Was besitze ich, dass du gerne h\u00e4ttest?",
            "antworten": {
                "l_lelit": "deine Gelassenheit ",
                "j_reide": "Netflix ",
                "n_berg": "Unglaublich viele Serien auf dvd und einen netfilx account "
            }
        },
        {
            "frage": "Was ist ein lustiger Fakt \u00fcber mich?",
            "antworten": {
                "l_lelit": "",
                "n_berg": "auf partys ziehst du gerne deine Schuhe aus ",
                "r_chris": "Du h\u00e4ltst viel Alkohol aus"
            }
        },
        {
            "frage": "Was ist mein Lieblingsschnaps\/ -bier\/ -zigarette\/ -zigarre?",
            "antworten": {
                "l_lelit": "Maracuja-Wodka",
                "j_reide": "Wodka Lemon",
                "n_berg": "neuerdings wodka lemon "
            }
        },
        {
            "frage": "Was w\u00fcrdest du mir gerne t\u00e4towieren?",
            "antworten": {
                "l_lelit": "Ein Bild aus dem P\u00e4dagogik Unterricht ",
                "n_berg": "einen songtext von mia julia",
                "r_chris": "Sabba und Julian 4Ever"
            }
        },
        {
            "frage": "Welche Mutprobe w\u00fcrdest du mir gerne verschreiben?",
            "antworten": {
                "l_lelit": "",
                "j_reide": "Glitzer tragen ",
                "n_berg": "nackt baden auf Malle "
            }
        },
        {
            "frage": "Wer ist der\/die perfekte Freund\/Freundin f\u00fcr mich?",
            "antworten": {
                "l_lelit": "\u00dcmit",
                "r_chris": "Liste ist lang"
            }
        },
        {
            "frage": "Wof\u00fcr gebe ich zu viel Geld aus?",
            "antworten": {
                "l_lelit": "Alkohol und f\u00fcr den Sommer deines Lebens",
                "j_reide": "Klapse \ud83d\ude01",
                "n_berg": "Sushi essen",
                "r_chris": "Bald f\u00fcr Tipico"
            }
        }
    ],
    "eigeneFragen": [
        {
            "frage": "Du hast eine S\u00fcnde frei, welche verbotene Sache w\u00fcrdest du machen?",
            "antwort": ""
        },
        {
            "frage": "Was sind deine Reiseziele?",
            "antwort": "Otherworld kingdom"
        },
        {
            "frage": "Was wolltest du schon immer mal machen, hast dich aber nie getraut?",
            "antwort": ""
        },
        {
            "frage": "Wenn du Kreide w\u00e4rst, welche Farbe w\u00e4rst du dann?",
            "antwort": "Gelb oder weiss "
        },
        {
            "frage": "Wie kann man dich am besten beeindrucken?",
            "antwort": ""
        },
        {
            "frage": "Wie w\u00fcrdest du eine Bar leertrinken?",
            "antwort": "Mit einem strohhalm "
        },
        {
            "frage": "Worauf achtest du beim anderen Geschlecht?",
            "antwort": "Schuhe "
        }
    ]
}