{
    "spruch": "",
    "rufnamen": [

    ],
    "freundesfragen": [
        {
            "frage": "Was beschreibt mich in 3 Worten?",
            "antworten": {
                "a_barto": "Twix mit Handycap",
                "s_becke": "Israel, half-side laugh, cs. ",
                "t_nagel": "Salty as fuck",
                "der_entsafter": "WARUM LAGGE ICH",
                "l_cleme": "Nimm ordentliche Fragen alter",
                "c_henke": "Reizbar, Stabil, B\u00fcrste ",
                "d_hasle": "Reizbar, athletisch, Counterstrike"
            }
        },
        {
            "frage": "Welche Mutprobe w\u00fcrdest du mir gerne verschreiben?",
            "antworten": {
                "s_becke": "Du bist mit Marius(Synonym),  Pius und nits auf einer kleinen Insel. Viel Spa\u00df beim \u00fcberleben. ",
                "der_entsafter": "48 millionen",
                "l_cleme": "Nimm ordentliche Fragen alter",
                "d_hasle": "Mit Personen, die dich aufregen, f\u00fcr zwei Stunden im Aufzug gefangen zu sein, ohne sie zu t\u00f6ten"
            }
        },
        {
            "frage": "Wenn ich ein Zeichentrickcharakter w\u00e4re, welcher w\u00e4re das?",
            "antworten": {
                "s_becke": "Captain blau B\u00e4r ",
                "der_entsafter": "Schneewittchen",
                "l_cleme": "Nimm ordentliche Fragen alter",
                "c_henke": "Bart Simpson",
                "d_hasle": "Donald Duck"
            }
        }
    ],
    "eigeneFragen": [
        {
            "frage": "Bist du Abschreiber oder l\u00e4sst du abschreiben?",
            "antwort": "Ich bin ein Abschreiber"
        },
        {
            "frage": "L\u00e4uft bei dir?",
            "antwort": "Ja"
        },
        {
            "frage": "Wann stehst du in der Regel auf?",
            "antwort": "Morgens"
        },
        {
            "frage": "Was ist das langweiligste Buch, dass du in deiner Schulzeit gelesen hast?",
            "antwort": "Kleider machen Leute"
        },
        {
            "frage": "Was wirst du von deiner Schulzeit vermissen?",
            "antwort": "Informatikunterricht mit Saber M'Barek"
        },
        {
            "frage": "Wenn du Kreide w\u00e4rst, welche Farbe w\u00e4rst du dann?",
            "antwort": "Blau"
        },
        {
            "frage": "Wer ist die d\u00fcmmste Person die du kennst?",
            "antwort": "Vanessa.hrnsh"
        }
    ]
}