{
    "spruch": "",
    "rufnamen": [

    ],
    "freundesfragen": [

    ],
    "eigeneFragen": [
        {
            "frage": "Ohne was gehst du nicht aus dem Haus?",
            "antwort": ""
        },
        {
            "frage": "Wann stehst du in der Regel auf?",
            "antwort": ""
        },
        {
            "frage": "Was ist dein Lieblingsfilm?",
            "antwort": ""
        },
        {
            "frage": "Was sind deine Reiseziele?",
            "antwort": ""
        },
        {
            "frage": "Was wirst du von deiner Schulzeit vermissen?",
            "antwort": ""
        }
    ]
}