{
    "spruch": "",
    "rufnamen": [

    ],
    "freundesfragen": [
        {
            "frage": "In welches Abenteuer sollte ich mich in der Zukunft st\u00fcrzen?",
            "antworten": {
                "s_wagne": "Die Welt erkunden \ud83d\ude01",
                "l_maaro": "mein Gesang hahahah \ud83d\ude02\ud83d\ude02\ud83d\udcaf"
            }
        },
        {
            "frage": "Was beschreibt mich in 3 Worten?",
            "antworten": {
                "s_wagne": "Gespr\u00e4chig, immer da , einf\u00fchlsam ",
                "l_maaro": "zuverl\u00e4ssig, flei\u00dfig, lieb",
                "f_tietz": "Quatschen, quatschen und nochmals quatschen!"
            }
        },
        {
            "frage": "Was ist die schlimmste Angewohnheit von mir?",
            "antworten": {
                "s_wagne": "Kenne keine :)",
                "f_tietz": "Dass, wenn du einmal redest, man dich schwer unterbrechen kann!"
            }
        },
        {
            "frage": "Was ist ein lustiger Fakt \u00fcber mich?",
            "antworten": {
                "s_wagne": "Gibt viele \ud83d\ude01"
            }
        },
        {
            "frage": "Was w\u00fcrdest du mir gerne t\u00e4towieren?",
            "antworten": {
                "s_wagne": "Gute Frage ",
                "l_maaro": "Eine Ampel, bei der das gr\u00fcne Licht oben ist \ud83d\ude02\ud83d\ude1d"
            }
        },
        {
            "frage": "Welche Mutprobe w\u00fcrdest du mir gerne verschreiben?",
            "antworten": {
                "s_wagne": "Fallschirmspringen ",
                "l_maaro": "Mit ner Unterhose aufm Kopf in der Stadt rum rennen und laut schreien:\"Hier kommt Superman\" \ud83d\ude02\ud83d\udd2b"
            }
        },
        {
            "frage": "In welches Abenteuer sollte ich mich in der Zukunft st\u00fcrzen?",
            "antworten": {
                "s_wagne": "",
                "l_maaro": "mein Gesang hahahah \ud83d\ude02\ud83d\ude02\ud83d\udcaf"
            }
        },
        {
            "frage": "Was beschreibt mich in 3 Worten?",
            "antworten": {
                "s_wagne": "",
                "l_maaro": "zuverl\u00e4ssig, flei\u00dfig, lieb"
            }
        },
        {
            "frage": "Was ist die schlimmste Angewohnheit von mir?",
            "antworten": {
                "s_wagne": ""
            }
        },
        {
            "frage": "Was ist ein lustiger Fakt \u00fcber mich?",
            "antworten": {
                "s_wagne": ""
            }
        },
        {
            "frage": "Was w\u00fcrdest du mir gerne t\u00e4towieren?",
            "antworten": {
                "s_wagne": "",
                "l_maaro": "Eine Ampel, bei der das gr\u00fcne Licht oben ist \ud83d\ude02\ud83d\ude1d"
            }
        },
        {
            "frage": "Welche Mutprobe w\u00fcrdest du mir gerne verschreiben?",
            "antworten": {
                "s_wagne": "",
                "l_maaro": "Mit ner Unterhose aufm Kopf in der Stadt rum rennen und laut schreien:\"Hier kommt Superman\"\ud83d\ude02\ud83d\udd2b"
            }
        }
    ],
    "eigeneFragen": [
        {
            "frage": "Was sind deine Reiseziele?",
            "antwort": "Australien, S\u00fcdamerika, am liebsten einmal um die ganze Welt"
        },
        {
            "frage": "Was waren die Helden deiner Kindheit?",
            "antwort": "Bob der Baumeister, Die Sendung mit der Maus "
        },
        {
            "frage": "Was wirst du von deiner Schulzeit vermissen?",
            "antwort": "Meine Freunde, das \"Gl\u00fccksgef\u00fchl\" eine Freistunde "
        },
        {
            "frage": "Was wolltest du schon immer mal machen, hast dich aber nie getraut?",
            "antwort": "Fallschirm springen"
        }
    ]
}