{
    "spruch": "",
    "rufnamen": [
        "Minion ",
        "Sabi"
    ],
    "freundesfragen": [
        {
            "frage": "Was beschreibt mich in 3 Worten?",
            "antworten": {
                "a_bieri": "Immer fr\u00f6hlich drauf",
                "t_schne": "Minion, Kampfzwerg, liebenswert",
                "j_thiem": "mega s\u00fc\u00dfe Meisterkonditorin",
                "l_maaro": "humorvoll, loyal und klein \ud83d\ude02\u2764\ufe0f(Du wei\u00dft ich hab dich lieb hahah \ud83d\ude1a\ud83d\ude05)",
                "s_doder": "Minion, fr\u00f6hlich, verl\u00e4sslich ",
                "j_schmi": "ehrlich, Klein, s\u00fc\u00df ",
                "f_tietz": "Tanzmaus, Minion und Nervenzwerg!",
                "m_k\u00fchn": "lachender kleiner Minion",
                "r_kainz": "Minion,knuffig und s\u00fc\u00df "
            }
        },
        {
            "frage": "Was ist ein lustiger Fakt \u00fcber mich?",
            "antworten": {
                "s_doder": "Dein Talent beim Backen und deine Art Horrorfilme zu gucken ;)",
                "j_schmi": "Du l\u00e4ufst st\u00e4ndig irgendwo gegen :'D",
                "a_sande": "Du bist ein Minion",
                "t_schne": "Links-rechts-Schw\u00e4che und so... \"Jump to the left\"",
                "f_tietz": "Dass seit ich dich kenne, dein Handydisplay nie heile war!"
            }
        },
        {
            "frage": "Was ist ein typischer Satz von mir?",
            "antworten": {
                "j_thiem": "Kein Bock auf Mathe.",
                "c_smiat": "Nur ein Wort: Boaaah :D",
                "l_maaro": "\"Nat\u00fcrlich hab ich meine Englischhausaufgaben\" \ud83d\ude02\ud83d\udd2b",
                "j_schmi": "Ja ne is klar nh",
                "a_bieri": "Du kleine Zicke ;)",
                "c_thiem": "\"Soll der bitte einen Klausurschreiber drannehmen\" "
            }
        }
    ],
    "eigeneFragen": [
        {
            "frage": "Bist du Abschreiber oder l\u00e4sst du abschreiben?",
            "antwort": "Abschreiber"
        },
        {
            "frage": "Ohne was gehst du nicht aus dem Haus?",
            "antwort": "Handy und Schl\u00fcssel "
        },
        {
            "frage": "Was ist dein aktuelles Handy?",
            "antwort": "Iphone 5s"
        },
        {
            "frage": "Was wirst du von deiner Schulzeit vermissen?",
            "antwort": "Meine Freunde "
        },
        {
            "frage": "Wof\u00fcr gibst du zu viel Geld aus?",
            "antwort": "Essen :D"
        }
    ]
}