{
    "spruch": "\"Your mind is like water.\r\n When it is agitated it becomes difficult to see,\r\n but when you let it settle;\r\n The answer becomes clear.\"",
    "rufnamen": [

    ],
    "freundesfragen": [
        {
            "frage": "Was besitze ich, dass du gerne h\u00e4ttest?",
            "antworten": [

            ]
        },
        {
            "frage": "Was ist die schlimmste Angewohnheit von mir?",
            "antworten": [

            ]
        },
        {
            "frage": "Was sind Eigenschaften die dich an mir nerven?",
            "antworten": [

            ]
        }
    ],
    "eigeneFragen": [
        {
            "frage": "Wann stehst du in der Regel auf?",
            "antwort": "10 Uhr"
        },
        {
            "frage": "Was ist dein Lieblingsfilm?",
            "antwort": "Matrix"
        },
        {
            "frage": "Was ist dein Lieblingsstar?",
            "antwort": "Robert Downey Jr."
        },
        {
            "frage": "Wie kann man dich am besten beeindrucken?",
            "antwort": "Talent und Selbstbewusstsein"
        },
        {
            "frage": "Wovor hast du Angst?",
            "antwort": "Spinnen, H\u00f6he und Puppen"
        }
    ]
}