{
    "spruch": "They say you are what you eat but I do not remember eating a fucking legend!",
    "rufnamen": [
        "Mammutj\u00e4ger \u00dcl\u00fcm ",
        "\u00dcl\u00fcm von Nazareth",
        "\u00dc-Ei",
        "Special",
        "\u00dcndertaker"
    ],
    "freundesfragen": [
        {
            "frage": "Aktuelles Lieblingslied?",
            "antworten": {
                "s_lende": "?",
                "c_landm": "Gangsta's Paradise",
                "d_hasle": "Irgendein Dreck von irgendwem, kann man sowas \u00fcberhaupt Musik nennen?",
                "r_kainz": "Gangsters Paradise",
                "n_berg": "Deine selbst komponierten St\u00fccke auf dem Keyboard "
            }
        },
        {
            "frage": "Aktuelles Lieblingslied?",
            "antworten": {
                "s_lende": "Taube N\u00fcsschen",
                "j_reide": "",
                "j_thiem": "\"Ist mir egal\" ???",
                "m_thiem": "",
                "j_li": "Iwas von 2pac",
                "l_cleme": "Atemlos - Helene Fischer",
                "s_cimes": "es gibt da so einen HipHop Song bei dem du vollkommen ausrastet vor Freude "
            }
        },
        {
            "frage": "Ein Toast kann gut schimmeln, was kann ich gut?",
            "antworten": {
                "s_lende": "3 Ballkontakte",
                "j_reide": "Den \u00dcberblick behalten und andere bespa\u00dfen ",
                "l_lelit": "Laut sein ",
                "j_thiem": "REDEN ;)",
                "m_thiem": "Also gut k\u00f6nnen...",
                "j_li": "Laut sein und Arpeggios spielen ",
                "l_cleme": "Nicht die Klappe halten",
                "j_pesch": "Leute nerven ;) ",
                "c_landm": "Definitiv nicht mehr als ein Toast",
                "s_becke": "Mammuts jagen",
                "d_hasle": "Was draus zu machen (auch aus Schimmeltoast)",
                "c_thiem": "puedes hablar espanol ... m\u00e1s o menos",
                "n_berg": "Frau Kr\u00fcger nerven\/ belustigen im Geschichts LK",
                "s_cimes": "gute Laune verbreiten und entertainen "
            }
        },
        {
            "frage": "L\u00e4uft bei mir?",
            "antworten": {
                "s_lende": "Bis du stolperst",
                "j_reide": "Mit Simon immer ",
                "l_lelit": "Nat\u00fcrlich ",
                "j_thiem": "S\u00ed claro!",
                "m_thiem": "jo",
                "m_scham": "zwar r\u00fcckw\u00e4rts und bergab, aber bei dir l\u00e4uft immer",
                "j_li": "",
                "l_cleme": "Ja, vor allem beim Fu\u00dfball",
                "j_pesch": "R\u00fcckw\u00e4rts und bergab. ",
                "c_landm": "Nein.",
                "s_becke": "hm",
                "d_hasle": "Jop, aber nur drei Schritte",
                "n_berg": "Ja klar, du bist schlie\u00dflich Mammutj\u00e4ger."
            }
        },
        {
            "frage": "Was ist ein lustiger Fakt \u00fcber mich?",
            "antworten": {
                "c_landm": "Du bist der lauteste Mensch, den ich kenne",
                "s_becke": "Du hast Beerenklauen",
                "d_hasle": "Dass du \u00fcberaus fotogen bist :*",
                "a_bieri": "Du bist \u00dcmit das reicht :D",
                "n_berg": "Manche halten dich f\u00fcr einen Griechen.",
                "s_cimes": "Wenn du im Bus sprichst h\u00f6ren dir mindestens andere 30 zu :D",
                "g_vlamo": "Auf der Stra\u00dfe bekannt als Farid Genc"
            }
        },
        {
            "frage": "Was ist ein lustiger Fakt \u00fcber mich?",
            "antworten": {
                "s_lende": "Du bist Mammutj\u00e4ger, Vampirj\u00e4ger und aus Nazaret",
                "j_reide": "Du f\u00e4ngst immer einfach so an zu lachen f\u00fcr 10min",
                "j_thiem": "",
                "m_thiem": "",
                "m_scham": "Barcelona Fan",
                "j_li": "Mammutj\u00e4ger ",
                "l_cleme": "",
                "r_kainz": "Selbst wenn du fl\u00fcsterst redest du laut ^^",
                "g_vlamo": "Hat Jule Fingl damals in Physik eine Lektion erteilt"
            }
        },
        {
            "frage": "Was sind dumme Spr\u00fcche von mir?",
            "antworten": {
                "s_lende": "Beim Klabautermann ",
                "j_reide": "Aaaaalles klar ",
                "j_thiem": "Ich habe hier nicht genug Platz um sie alle aufzulisten.",
                "m_thiem": "Alles was du sagst",
                "j_li": "Theoretisch jeden Spruch den du gegen Anna raushaust ",
                "l_cleme": "Da gibt es sehr, sehr viele",
                "j_pesch": "Alles was du sagst ist dumm. ",
                "c_landm": "Da gibts mehr als genug",
                "d_hasle": "Im Grunde alles, was du sagst?",
                "c_thiem": "ARRRRRRRIBA",
                "n_berg": "salamdulah (ich hoffe das wird so geschrieben) oder auch \"Ist daAlkohol im Spiel?\""
            }
        },
        {
            "frage": "Wenn ich ein Zeichentrickcharakter w\u00e4re, welcher w\u00e4re das?",
            "antworten": {
                "s_lende": "Fred Feuerstein",
                "j_reide": "Spongebob ",
                "m_scham": "Goofy",
                "j_thiem": "Pumuckl",
                "m_thiem": "",
                "j_li": "",
                "l_cleme": "Aladin",
                "a_barto": "Goofy. ",
                "c_landm": "Kr\u00fcmelmonster",
                "s_becke": "Manni (Ice Age)",
                "d_hasle": "Dr Zoidberg",
                "r_kainz": "Goofy :p",
                "n_berg": "Patrick Star, eindeutig ein Seestern",
                "s_cimes": "Fred Feuerstein",
                "g_vlamo": "Apu Nahasapeemapetilon"
            }
        }
    ],
    "eigeneFragen": [
        {
            "frage": "L\u00e4uft bei dir?",
            "antwort": ""
        },
        {
            "frage": "L\u00e4uft bei dir?",
            "antwort": "Joa."
        },
        {
            "frage": "Mit welchem Promi w\u00fcrdest du gerne mal im Aufzug steckenbleiben?",
            "antwort": "Kate Upton, weil..Argumente."
        },
        {
            "frage": "Was ist dein Lieblingsstar?",
            "antwort": "Lionel Messi"
        },
        {
            "frage": "Was ist dein aktuelles Lieblingslied?",
            "antwort": "Deine Freundin- SDP"
        },
        {
            "frage": "Was sind deine Reiseziele?",
            "antwort": "Barcelona"
        },
        {
            "frage": "Wenn du Kreide w\u00e4rst, welche Farbe w\u00e4rst du dann?",
            "antwort": "Blau"
        }
    ]
}