{
    "eigeneFragen": {
        "0": "Bist du Abschreiber oder l\u00e4sst du abschreiben?",
        "1": "Bist du der Typ beleidigt, zickig oder aggro?",
        "2": "Du hast eine S\u00fcnde frei, welche verbotene Sache w\u00fcrdest du machen?",
        "3": "F\u00fcr wieviel Geld w\u00fcrdest du ins Dschungelcamp gehen?",
        "4": "L\u00e4uft bei dir?",
        "5": "Mit welchem Promi w\u00fcrdest du gerne mal im Aufzug steckenbleiben?",
        "6": "Ohne was gehst du nicht aus dem Haus?",
        "7": "Schon mal aufs Maul gekriegt? Wenn ja, zur\u00fcckgeschlagen?",
        "8": "Seit wann bist du speifrei? (nur alkoholische Verschuldungen)",
        "9": "Wann das letzte Mal bei einem Helene Fischer-Song mitgesungen?",
        "10": "Wann stehst du in der Regel auf?",
        "11": "Was ist das d\u00fcmmste was du je gemacht hast?",
        "12": "Was ist das langweiligste Buch, dass du in deiner Schulzeit gelesen hast?",
        "13": "Was ist dein Lieblingsfilm?",
        "14": "Was ist dein Lieblingsort in der Schule?",
        "15": "Was ist dein Lieblingsstar?",
        "16": "Was ist dein aktuelles Handy?",
        "17": "Was ist dein aktuelles Lieblingslied?",
        "18": "Was ist deine Lieblingsserie\/-sendung?",
        "19": "Was kann dir keiner nehmen?",
        "20": "Was sind deine Reiseziele?",
        "21": "Was war das Krasseste, dass du einem Lehrer je gesagt hast?",
        "22": "Was war dein Motto zur Schullaufbahn?",
        "23": "Was war dein dreister Spicker oder Schummeltrick?",
        "24": "Was war deine Lieblingsbesch\u00e4ftigung in Freistunden?",
        "25": "Was war der peinlichste Moment deiner Schulzeit?",
        "27": "Was wird dir nicht fehlen?",
        "28": "Was wirst du von deiner Schulzeit vermissen?",
        "29": "Was wolltest du schon immer mal machen, hast dich aber nie getraut?",
        "30": "Was w\u00fcrdest du tun wenn du im Lotto gewinnen w\u00fcrdest?",
        "31": "Welche 5 Dinge w\u00fcrdest du mit auf eine einsame Insel nehmen?",
        "32": "Welche CD ist dir am peinlichsten?",
        "33": "Welches Schulfach war dein pers\u00f6nlicher Super- GAU?",
        "34": "Wenn du Kreide w\u00e4rst, welche Farbe w\u00e4rst du dann?",
        "35": "Wenn du ein Zeichentrickcharakter w\u00e4rst, welcher w\u00e4re das?",
        "36": "Wenn du nicht du w\u00e4rst, wer w\u00e4rst du dann?",
        "37": "Wer geh\u00f6rt zu deinem Freundeskreis?",
        "38": "Wer ist die d\u00fcmmste Person die du kennst?",
        "39": "Wie alt warst du bei deiner ersten Alkoholvergiftung?",
        "40": "Wie bringt man dich auf 180?",
        "41": "Wie kann man dich am besten beeindrucken?",
        "42": "Wie oft hast du letztes Jahr \u201eHoch auf uns\u201c gesungen?",
        "43": "Wie w\u00fcrdest du eine Bar leertrinken?",
        "44": "Wof\u00fcr gibst du zu viel Geld aus?",
        "45": "Worauf achtest du beim anderen Geschlecht?",
        "46": "Worauf hast du zuletzt getanzt?",
        "47": "Wovor hast du Angst?"
    },
    "freundesfragen": [
        "Aktuelles Lieblingslied?",
        "Bei welchem Film muss ich immer weinen?",
        "Bin ich der Typ beleidigt, zickig oder aggro?",
        "Ein Toast kann gut schimmeln, was kann ich gut?",
        "In welches Abenteuer sollte ich mich in der Zukunft st\u00fcrzen?",
        "L\u00e4uft bei mir?",
        "Warum ist D\u00fcsseldorf die sch\u00f6nste Stadt der Welt?",
        "Was beschreibt mich in 3 Worten?",
        "Was besitze ich, dass du gerne h\u00e4ttest?",
        "Was ist der Spitzname von mir?",
        "Was ist die schlimmste Angewohnheit von mir?",
        "Was ist ein Talent von mir?",
        "Was ist ein lustiger Fakt \u00fcber mich?",
        "Was ist ein typischer Satz von mir?",
        "Was ist mein Lieblingsschnaps\/ -bier\/ -zigarette\/ -zigarre?",
        "Was sind Eigenschaften die dich an mir nerven?",
        "Was sind dumme Spr\u00fcche von mir?",
        "Was sind lustige Dinge die du mit mir gemacht hast?",
        "Was sind meine St\u00e4rken und Schw\u00e4chen?",
        "Was w\u00fcrdest du mir gerne t\u00e4towieren?",
        "Welche Eigenschaft hatte ich in der 5. noch nicht?",
        "Welche Mutprobe w\u00fcrdest du mir gerne verschreiben?",
        "Welches Talent untersch\u00e4tzte ich?",
        "Wenn ich ein Zeichentrickcharakter w\u00e4re, welcher w\u00e4re das?",
        "Wer ist der\/die perfekte Freund\/Freundin f\u00fcr mich?",
        "Wof\u00fcr gebe ich zu viel Geld aus?",
        "Was ist denn nur mit Carsten los?"
    ]
}