{
    "spruch": "",
    "rufnamen": [
        "Franzi"
    ],
    "freundesfragen": [
        {
            "frage": "Was beschreibt mich in 3 Worten?",
            "antworten": {
                "r_kainz": "zielstrebig,k\u00fcnstlerisch und Perfektionistin",
                "m_k\u00fchn": "eigensinnig,",
                "r_sieve": "freundlich, herzlich, authentisch",
                "d_hasle": "Frau Gundlach-Romanus Liebling",
                "n_st\u00fcbn": "Immer gut gelaunt"
            }
        },
        {
            "frage": "Was ist der Spitzname von mir?",
            "antworten": {
                "r_kainz": "Franzi",
                "m_k\u00fchn": "Franzi",
                "c_smiat": "Franzi",
                "d_hasle": "\u00d6hhh.. Franzi? :D",
                "j_li": "Franzi",
                "n_st\u00fcbn": "Franzi?"
            }
        },
        {
            "frage": "Was ist ein lustiger Fakt \u00fcber mich?",
            "antworten": {
                "r_kainz": "",
                "m_k\u00fchn": "Deine Profilbilder bei WhatsApp sind oftmals nur deine Beine von oben nach unten fotografiert",
                "n_st\u00fcbn": "Du hast es echt nicht mit Typen "
            }
        },
        {
            "frage": "Was ist ein typischer Satz von mir?",
            "antworten": {
                "r_kainz": "\"Ne das gef\u00e4llt mir noch nicht,das geht noch besser\"",
                "m_k\u00fchn": "",
                "n_st\u00fcbn": "Geh mit deiner Kippe wo anders hin"
            }
        },
        {
            "frage": "Was sind Eigenschaften die dich an mir nerven?",
            "antworten": {
                "r_kainz": "Zu perfektionistisch manchmal :p",
                "m_k\u00fchn": "Du neigst zur Selbst\u00fcbersch\u00e4tzung",
                "r_sieve": "deine manchmal zu perfektionistische Art",
                "c_smiat": "Manchmal bist du zu sehr von dir selbst \u00fcberzeugt ",
                "n_st\u00fcbn": "Manchmal bist du ein bisschen gemein :D "
            }
        },
        {
            "frage": "Was sind meine St\u00e4rken und Schw\u00e4chen?",
            "antworten": {
                "r_kainz": "Du versuchst immer das Beste rauszuholen und fokussierst dich dabei zu sehr darauf alles perfekt zu machen",
                "m_k\u00fchn": "",
                "d_hasle": "Super Englisch ^^",
                "n_st\u00fcbn": "Labern und gut in der schule sein, Geduld "
            }
        }
    ],
    "eigeneFragen": [
        {
            "frage": "Mit welchem Promi w\u00fcrdest du gerne mal im Aufzug steckenbleiben?",
            "antwort": "Selena Gomez"
        },
        {
            "frage": "Was ist deine Lieblingsserie\/-sendung?",
            "antwort": "Pretty Little Liars "
        },
        {
            "frage": "Was sind deine Reiseziele?",
            "antwort": "Amerika, Thailand, Oz, Afrika, ... eigentlich die ganze Welt!"
        },
        {
            "frage": "Was wirst du von deiner Schulzeit vermissen?",
            "antwort": "Meine Freunde und das Gef\u00fchl, wenn die erste Stunde ausfiel!"
        },
        {
            "frage": "Welche 5 Dinge w\u00fcrdest du mit auf eine einsame Insel nehmen?",
            "antwort": "Kamera, Bikini, Lieblingsbuch, Jetski und WLAN"
        },
        {
            "frage": "Wof\u00fcr gibst du zu viel Geld aus?",
            "antwort": "DEFINITIV: Make-up !!"
        }
    ]
}