{
    "spruch": "",
    "rufnamen": [

    ],
    "freundesfragen": [
        {
            "frage": "Ein Toast kann gut schimmeln, was kann ich gut?",
            "antworten": {
                "n_romei": "",
                "r_chris": "Ein bruder sein",
                "m_p\u00fctz": "Pumepen, Shishan "
            }
        },
        {
            "frage": "Was ist ein lustiger Fakt \u00fcber mich?",
            "antworten": {
                "n_romei": "",
                "r_chris": "Krokant hahhahah",
                "m_scham": "Zweiter Name Maria"
            }
        },
        {
            "frage": "Was sind Eigenschaften die dich an mir nerven?",
            "antworten": {
                "n_romei": "",
                "r_chris": "Das schlauige"
            }
        },
        {
            "frage": "Wof\u00fcr gebe ich zu viel Geld aus?",
            "antworten": {
                "n_romei": "Shishatabak",
                "r_chris": "Shisha Zeugs",
                "m_p\u00fctz": "Mecces ",
                "m_scham": "Shisha"
            }
        }
    ],
    "eigeneFragen": [
        {
            "frage": "Bist du Abschreiber oder l\u00e4sst du abschreiben?",
            "antwort": "Kommt aufs Fach an"
        },
        {
            "frage": "Welches Schulfach war dein pers\u00f6nlicher Super- GAU?",
            "antwort": "Latein bei Diana Lindner"
        },
        {
            "frage": "Wof\u00fcr gibst du zu viel Geld aus?",
            "antwort": "Shishatabak"
        }
    ]
}