{
    "spruch": "",
    "rufnamen": [
        "Anna"
    ],
    "freundesfragen": [
        {
            "frage": "In welches Abenteuer sollte ich mich in der Zukunft st\u00fcrzen?",
            "antworten": {
                "m_k\u00fchn": "",
                "d_hasle": "Im Notfall auch alleine mit einem Roadtrip durch die Weltgeschichte reisen",
                "f_bleck": "Weltreise",
                "\u00fc_genc": "",
                "t_schne": "",
                "s_wagne": "Die Welt bereisen ",
                "s_doder": "eine Reise durch Australien"
            }
        },
        {
            "frage": "Was beschreibt mich in 3 Worten?",
            "antworten": {
                "m_k\u00fchn": "Ehrgeizig, humorvoll, kritikf\u00e4hig",
                "d_hasle": "Ein wenig bekloppt",
                "\u00fc_genc": "Bier im Namen",
                "s_wagne": "Abenteuerlustig, fr\u00f6hlich, witzig ",
                "j_schmi": "zielstrebig, nett, intelligent ",
                "s_doder": "lustig, locker, unternehmungslustig "
            }
        },
        {
            "frage": "Was ist die schlimmste Angewohnheit von mir?",
            "antworten": {
                "m_k\u00fchn": "du sagst Dude und Bruder auch zu M\u00e4dchen",
                "d_hasle": "Dass du deine eigenen Talente viel zu sehr zur\u00fcckstellst",
                "\u00fc_genc": "Dieses sarkastische Augenrollen....",
                "s_wagne": "Kenne keine "
            }
        },
        {
            "frage": "Was ist ein Talent von mir?",
            "antworten": {
                "m_k\u00fchn": "",
                "d_hasle": "Mich \u00fcberaus oft zum Lachen zu bringen :D",
                "\u00fc_genc": "Das Talent untalentiert zu sein.....oder so",
                "s_wagne": "Mir Bio erkl\u00e4ren \ud83d\ude02\ud83d\ude02"
            }
        },
        {
            "frage": "Was sind lustige Dinge die du mit mir gemacht hast?",
            "antworten": {
                "m_k\u00fchn": "Lachanfall w\u00e4hrend wir ein Creme-Streusel Plunder geteilt haben. Eine der ersten gemeinsamen Freistunden",
                "d_hasle": "Einfach mal die Stille genossen",
                "\u00fc_genc": "Literaturkurs :D",
                "c_smiat": "Aqualand",
                "s_wagne": "Geburtstage und Freistunden ",
                "s_doder": "Aqualand, Hafenbar, Skaten :) ",
                "s_cimes": "in einem Auto voll mit Besoffskis auf den R\u00fccksitzen deren Heimweg r\u00e4tseln "
            }
        },
        {
            "frage": "Wof\u00fcr gebe ich zu viel Geld aus?",
            "antworten": {
                "m_k\u00fchn": "Essen",
                "d_hasle": "",
                "f_bleck": "nicht f\u00fcr Essen ;)",
                "\u00fc_genc": "",
                "s_wagne": "Essen \ud83d\ude02",
                "j_schmi": "Pferdeausstattung ",
                "s_doder": "eindeutig f\u00fcr D\u00f6ner xD"
            }
        }
    ],
    "eigeneFragen": [
        {
            "frage": "Ohne was gehst du nicht aus dem Haus?",
            "antwort": "Handy"
        },
        {
            "frage": "Was war deine Lieblingsbesch\u00e4ftigung in Freistunden?",
            "antwort": "Mit Freunden zu Netto gehen und am Vertretungsplan chillen"
        },
        {
            "frage": "Was wirst du von deiner Schulzeit vermissen?",
            "antwort": "Die Zeit mit meinen Freunden!!!"
        },
        {
            "frage": "Was w\u00fcrdest du tun wenn du im Lotto gewinnen w\u00fcrdest?",
            "antwort": "Ich w\u00fcrde mir ein Pferd kaufen!"
        },
        {
            "frage": "Wof\u00fcr gibst du zu viel Geld aus?",
            "antwort": "F\u00fcr Pferde und manchmal f\u00fcr Essen."
        }
    ]
}