{
    "spruch": "",
    "rufnamen": [

    ],
    "freundesfragen": [
        {
            "frage": "Ein Toast kann gut schimmeln, was kann ich gut?",
            "antworten": {
                "k_pethk": "Argumentieren",
                "j_li": "Leuten die Stirn bieten ",
                "e_canim": "Garnichts",
                "a_kr\u00e4me": ""
            }
        },
        {
            "frage": "Was beschreibt mich in 3 Worten?",
            "antworten": {
                "k_pethk": "",
                "e_canim": "Vergeben vergeben vergeben ",
                "b_salci": "Ehrgeizig, talentiert, temaramentvoll",
                "m_milan": "klein, humorvoll, charakterstark",
                "b_calis": "klein, fein, rein",
                "a_kr\u00e4me": ""
            }
        },
        {
            "frage": "Was ist ein Talent von mir?",
            "antworten": {
                "k_pethk": "Ehrgeiz",
                "e_canim": "Kochen ",
                "a_urbat": "Biologie ",
                "b_calis": "Kuchen backen und dekorieren ",
                "a_kr\u00e4me": "Komikerin "
            }
        },
        {
            "frage": "Was ist ein lustiger Fakt \u00fcber mich?",
            "antworten": {
                "k_pethk": "",
                "e_canim": "Du klebst am Lenkrad beim Autofahren ",
                "b_salci": "Du kannst dein Knie so komisch biegen ",
                "a_kr\u00e4me": "Stets nen Witz parat "
            }
        },
        {
            "frage": "Was ist ein typischer Satz von mir?",
            "antworten": {
                "k_pethk": "Ganzer Text oder nur Stichpunkte, Herr Deden?",
                "e_canim": "Ich liebe dich ",
                "a_kr\u00e4me": "keine Lust auf Bio , ich schw\u00e4nze lieber "
            }
        },
        {
            "frage": "Was w\u00fcrdest du mir gerne t\u00e4towieren?",
            "antworten": {
                "k_pethk": "",
                "e_canim": "Mein Gesicht ",
                "a_urbat": "ich habe immer Recht",
                "b_calis": "\"Vergiss nicht wer Valentinstag f\u00fcr dich da war\"",
                "a_kr\u00e4me": ""
            }
        },
        {
            "frage": "Wenn ich ein Zeichentrickcharakter w\u00e4re, welcher w\u00e4re das?",
            "antworten": {
                "k_pethk": "",
                "e_canim": "Hinata",
                "a_heine": "Lilo von Lilo und Stitch",
                "b_salci": "Pocahontas",
                "m_milan": "Lilo",
                "b_calis": "Rufus",
                "a_kr\u00e4me": ""
            }
        }
    ],
    "eigeneFragen": [
        {
            "frage": "Bist du der Typ beleidigt, zickig oder aggro?",
            "antwort": "Alles Aufeinmal"
        },
        {
            "frage": "Mit welchem Promi w\u00fcrdest du gerne mal im Aufzug steckenbleiben?",
            "antwort": "Chris Evans"
        },
        {
            "frage": "Wann stehst du in der Regel auf?",
            "antwort": "13 Uhr "
        },
        {
            "frage": "Was sind deine Reiseziele?",
            "antwort": "Japan, S\u00fcd Korea, Hawaii"
        },
        {
            "frage": "Was war dein dreister Spicker oder Schummeltrick?",
            "antwort": "L\u00f6sungen auf T\u00fcrkisch auf mein M\u00e4ppchen schreiben und zur Tarnung mit Sternchen verzieren"
        },
        {
            "frage": "Wenn du ein Zeichentrickcharakter w\u00e4rst, welcher w\u00e4re das?",
            "antwort": "Lorenor Zorro"
        },
        {
            "frage": "Wof\u00fcr gibst du zu viel Geld aus?",
            "antwort": "Schuhe "
        }
    ]
}