{
    "spruch": "",
    "rufnamen": [

    ],
    "freundesfragen": [
        {
            "frage": "Bei welchem Film muss ich immer weinen?",
            "antworten": {
                "l_cleme": "Titanic"
            }
        },
        {
            "frage": "Ein Toast kann gut schimmeln, was kann ich gut?",
            "antworten": {
                "a_kr\u00e4me": "J\u00e4germeister mit Alina trinken und abgehen , auf nem Stuhl drehend tanzen ",
                "r_chris": "Selfies",
                "j_li": "S\u00fc\u00df sein "
            }
        },
        {
            "frage": "In welches Abenteuer sollte ich mich in der Zukunft st\u00fcrzen?",
            "antworten": [

            ]
        },
        {
            "frage": "Was beschreibt mich in 3 Worten?",
            "antworten": {
                "s_becke": "Lustig, cool, Nett",
                "a_kr\u00e4me": "Beauty,lovely & nice",
                "r_chris": "Najlepsze,Selfie,J\u00e4germeister"
            }
        },
        {
            "frage": "Was besitze ich, dass du gerne h\u00e4ttest?",
            "antworten": {
                "j_li": "Deine Parf\u00fcmkollektion "
            }
        },
        {
            "frage": "Was ist die schlimmste Angewohnheit von mir?",
            "antworten": {
                "a_kr\u00e4me": "alles besser zu wissen ",
                "j_li": "*hust* Partyraucher *hust*"
            }
        },
        {
            "frage": "Wenn ich ein Zeichentrickcharakter w\u00e4re, welcher w\u00e4re das?",
            "antworten": [

            ]
        }
    ],
    "eigeneFragen": [
        {
            "frage": "Bist du Abschreiber oder l\u00e4sst du abschreiben?",
            "antwort": "ich lasse abschreiben"
        },
        {
            "frage": "Du hast eine S\u00fcnde frei, welche verbotene Sache w\u00fcrdest du machen?",
            "antwort": "Kaufhaus pl\u00fcndern"
        },
        {
            "frage": "Was wird dir nicht fehlen?",
            "antwort": "Schultoilette"
        },
        {
            "frage": "Was w\u00fcrdest du tun wenn du im Lotto gewinnen w\u00fcrdest?",
            "antwort": "Kaufhaus leerkaufen"
        },
        {
            "frage": "Wie bringt man dich auf 180?",
            "antwort": "zu sp\u00e4t kommen"
        },
        {
            "frage": "Wie kann man dich am besten beeindrucken?",
            "antwort": "Mitdenken, p\u00fcnktlich sein, ehrlich sein"
        },
        {
            "frage": "Wof\u00fcr gibst du zu viel Geld aus?",
            "antwort": "Schuhe"
        }
    ]
}