{
    "spruch": "",
    "rufnamen": [
        "Hasipupsi"
    ],
    "freundesfragen": [
        {
            "frage": "Was beschreibt mich in 3 Worten?",
            "antworten": {
                "m_mast": "Klein aber oho ",
                "\u00fc_genc": "",
                "a_barto": "Du wei\u00dft, dass ich das nicht kann, oder? Mir reicht daf\u00fcr nicht mal die gesamte Sprache!",
                "c_landm": "Locken, Di\u00e4t, neon",
                "s_becke": "Ich, wei\u00df, nicht.",
                "j_schmi": "ehrlich, h\u00fcbsch, hilfsbereit "
            }
        },
        {
            "frage": "Was ist ein Talent von mir?",
            "antworten": {
                "a_barto": "Dinge kaputt zu machen, munkelt man ;)",
                "m_mast": "Dass du einer der wenigen Menschen bist,der meine Logik versteht ",
                "\u00fc_genc": "",
                "c_landm": "Judo",
                "s_becke": "Tanzen? :D",
                "j_schmi": "Leute aufmuntern und stolpern "
            }
        },
        {
            "frage": "Was ist ein lustiger Fakt \u00fcber mich?",
            "antworten": {
                "a_barto": "Pl\u00f6pp!",
                "m_mast": "",
                "\u00fc_genc": "",
                "c_landm": "Haha, dass du damals die Zigarette von Dominik Pesch in der Eifel nicht vetragen hast und voll halluziniert hast",
                "s_becke": "Du hast schwestern die biologisch aber nicht mit dir verwandt sind."
            }
        },
        {
            "frage": "Was ist mein Lieblingsschnaps\/ -bier\/ -zigarette\/ -zigarre?",
            "antworten": {
                "a_barto": "43er Lik\u00f6r, wahlweise auch Vodka mit s\u00fc\u00dfen S\u00e4ften",
                "m_mast": "",
                "\u00fc_genc": "",
                "c_landm": "Hast immer bei mir mitgeraucht",
                "j_schmi": "hahaha und das soll hier alles reinpassen ?  :'D",
                "s_becke": "Jetzt Applepitsch "
            }
        },
        {
            "frage": "Welche Mutprobe w\u00fcrdest du mir gerne verschreiben?",
            "antworten": {
                "m_mast": "Sportunterricht mit 30 Hannas",
                "\u00fc_genc": "",
                "a_barto": "Wheelie mit dem Twingo fahren",
                "c_landm": "Du hast ja nichtmal H\u00f6henangst",
                "j_schmi": "Einen Monat nur Kleider tragen ;)",
                "s_becke": "Du hast einen Apfel auf dem Kopf und Alex muss ihn mit dem Speer aus 40m Entfernung runterwerfen."
            }
        },
        {
            "frage": "Wof\u00fcr gebe ich zu viel Geld aus?",
            "antworten": {
                "a_barto": "Schnaps, w\u00fcrde ich sagen, sonst noch Taschen, Schuhe oder Fotodruck bei DM oder so",
                "m_mast": "Sagen wir es mal so,egal f\u00fcr was,aber dein Portmonee ist trotzdem immer voll ",
                "\u00fc_genc": "",
                "c_landm": "Klamotten (?)",
                "j_schmi": "Gummib\u00e4rchen?"
            }
        }
    ],
    "eigeneFragen": [
        {
            "frage": "Was war dein Motto zur Schullaufbahn?",
            "antwort": "Das klappt schon irgendwie."
        },
        {
            "frage": "Was waren die Helden deiner Kindheit?",
            "antwort": "Mein Bruder"
        },
        {
            "frage": "Was wird dir nicht fehlen?",
            "antwort": "Gewisse Lehrer, schrecklich langweiliger Unterricht"
        },
        {
            "frage": "Wer geh\u00f6rt zu deinem Freundeskreis?",
            "antwort": ""
        },
        {
            "frage": "Worauf hast du zuletzt getanzt?",
            "antwort": "Ich tanze immer, \u00fcberall und auf alles."
        }
    ]
}