{
    "spruch": "",
    "rufnamen": [
        "Coco",
        "Siamcat",
        "Smiacat"
    ],
    "freundesfragen": [
        {
            "frage": "Bin ich der Typ beleidigt, zickig oder aggro?",
            "antworten": {
                "a_sande": "Zickig ",
                "r_kainz": "Eher manchmal etwas aggro, aber bist dabei einfach nicht ernst zu nehmen :*",
                "m_k\u00fchn": "zickig",
                "n_st\u00fcbn": "Aggro.",
                "k_avdiu": "D wie direkt :P",
                "s_wagne": "Eigentlich gar nichts von den 3 \ud83d\ude01",
                "s_doder": "zickig ",
                "a_bieri": "zickig",
                "f_tietz": "AGGRO!"
            }
        },
        {
            "frage": "Was beschreibt mich in 3 Worten?",
            "antworten": {
                "a_sande": "Lustig, freundlich, verr\u00fcckt ",
                "r_kainz": "witzig,laut und spontan",
                "m_k\u00fchn": "Tollpatschig, lustig, Katzenmami",
                "n_st\u00fcbn": "Behinderter, lustiger Vollspacken",
                "k_avdiu": "liebenswert, schlau, hilfsbereit ",
                "a_bieri": "",
                "s_wagne": "Nett, plappert\u00fcte, lustig ",
                "l_maaro": "witzig, lebensfreudig, ehrlich ",
                "f_tietz": "Neugierig, schwarzer Humor und frech",
                "s_doder": "lustig, handys\u00fcchtig, fr\u00f6hlich"
            }
        },
        {
            "frage": "Was besitze ich, dass du gerne h\u00e4ttest?",
            "antworten": {
                "a_sande": "Eine Katze",
                "r_kainz": "",
                "m_k\u00fchn": "Ein eigenes Auto",
                "r_sieve": "eine Katze",
                "n_st\u00fcbn": "Reitbeteiligung?",
                "a_bieri": "",
                "s_wagne": "Nichts das ich w\u00fcsste \ud83d\ude01",
                "s_doder": "Eine Ps4 ",
                "k_avdiu": "Haustiere"
            }
        },
        {
            "frage": "Was ist der Spitzname von mir?",
            "antworten": {
                "a_sande": "Coco",
                "r_kainz": "Coco, Giraffe",
                "m_k\u00fchn": "Coco, Smiatek, Smiacat",
                "a_bieri": "Coco",
                "n_st\u00fcbn": "Smiacat",
                "k_avdiu": "Coco",
                "s_wagne": "Coco",
                "l_maaro": "Cori \ud83d\ude01",
                "s_doder": "Coco, Smiatek, Smiacat, Smiadog... die Liste ist endlos, such dir einen aus xD",
                "c_thiem": "Coco"
            }
        },
        {
            "frage": "Was ist ein lustiger Fakt \u00fcber mich?",
            "antworten": {
                "a_sande": "Man kennt dich auch allgemein uter Smicat",
                "r_kainz": "",
                "m_k\u00fchn": "Du rennst im dunkeln durch Nievenheim",
                "r_sieve": "Du f\u00e4hrst lieber shoppen anstatt nen Film f\u00fcr Deutsch-Kunst zu machen",
                "n_st\u00fcbn": "Du hast voll die Kuhzunge",
                "s_wagne": "Gibt viele \u00fcber dich \ud83d\ude0f\ud83d\ude02",
                "s_doder": "Deine F\u00e4higkeit Horrorspiele zu spielen ^^"
            }
        },
        {
            "frage": "Was sind Eigenschaften die dich an mir nerven?",
            "antworten": {
                "a_sande": "Dein Augenverdrehen",
                "r_kainz": "Immer busy",
                "m_k\u00fchn": "du bist zu bequem um etwas zu unternehmen, was zu weit von deinem Zuhause weg ist",
                "n_st\u00fcbn": "du machst immer h\u00e4ssliche Fotos von mir",
                "s_wagne": "Keine ",
                "c_thiem": "Du sprichst so leise ",
                "s_doder": ""
            }
        },
        {
            "frage": "Was sind lustige Dinge die du mit mir gemacht hast?",
            "antworten": {
                "a_sande": "Der Blanesurlaub XD",
                "r_kainz": "Von einer Klippe zusammen runter gesprungen zu sein <3",
                "m_k\u00fchn": "Es gibt zu viel, aber unsere Tanzeinlagen aller Art toppen glaube ich alles",
                "r_sieve": "nen deutsch-Kunst Film gedreht..ach nee..du warst ja shoppen",
                "a_bieri": "Ausfl\u00fcge mit Luna in den 'groo\u00dfen' Wald ",
                "n_st\u00fcbn": "Taiz\u00e9, Kirmes, Deutsch-Kunst fr\u00fcher",
                "k_avdiu": "Party\/ feiern gehen \ud83d\ude04",
                "s_wagne": "Picknick am Rhein \ud83d\ude02",
                "l_maaro": "Kondome kaufen :\ud83d\ude02\ud83d\ude02\ud83d\ude02\ud83d\ude33hahahahah NIEWIEDER \ud83d\ude33\ud83d\ude02",
                "s_doder": "Karneval, Aqualand, Skaten, Zockertag "
            }
        }
    ],
    "eigeneFragen": [
        {
            "frage": "Bist du Abschreiber oder l\u00e4sst du abschreiben?",
            "antwort": "Beides"
        },
        {
            "frage": "Was ist deine Lieblingsserie\/-sendung?",
            "antwort": "The 100, Game of Thrones"
        },
        {
            "frage": "Welches Schulfach war dein pers\u00f6nlicher Super- GAU?",
            "antwort": "Religion "
        },
        {
            "frage": "Wenn du Kreide w\u00e4rst, welche Farbe w\u00e4rst du dann?",
            "antwort": "T\u00fcrkis"
        }
    ]
}