{
    "spruch": "",
    "rufnamen": [
        "Chiara herge",
        "Ariane Guder"
    ],
    "freundesfragen": [
        {
            "frage": "Bin ich der Typ beleidigt, zickig oder aggro?",
            "antworten": {
                "c_herge": "beleidigt",
                "a_kr\u00e4me": "Eher motiviert und durchgedreht ",
                "j_malys": "Lustig "
            }
        },
        {
            "frage": "In welches Abenteuer sollte ich mich in der Zukunft st\u00fcrzen?",
            "antworten": {
                "c_herge": "auf den kommenden Festivals abgehen",
                "j_malys": "Einmal um die Welt fliegen ",
                "m_milan": "Einen Roadtrip machen und zu Tomorrowland fahren ",
                "a_kr\u00e4me": ""
            }
        },
        {
            "frage": "Was beschreibt mich in 3 Worten?",
            "antworten": {
                "k_pethk": "Hyperaktiv, aufgedreht, laut",
                "c_herge": "laut, verr\u00fcckt, liebenswert",
                "a_kr\u00e4me": "Angst vor Bienen ",
                "m_milan": "Hilfsbereit, charakterstark, spontan "
            }
        },
        {
            "frage": "Was ist ein Talent von mir?",
            "antworten": {
                "a_kr\u00e4me": "Laut sein ",
                "j_malys": "Fahrrad fahren ",
                "m_milan": "Leute aufheitern "
            }
        },
        {
            "frage": "Was ist ein typischer Satz von mir?",
            "antworten": {
                "k_pethk": "Yalla Yalla!",
                "c_herge": "\"Handy, Geld, Schl\u00fcssel..ok los gehts!\"",
                "j_malys": "Ich bin in Hamburg "
            }
        },
        {
            "frage": "Was ist mein Lieblingsschnaps\/ -bier\/ -zigarette\/ -zigarre?",
            "antworten": {
                "c_herge": "Kalyskaya mit Kirschsaft :D ",
                "a_kr\u00e4me": "voddi geht immer ",
                "j_malys": "Du trinkst vieles ",
                "m_milan": "Vodka und Tequila "
            }
        }
    ],
    "eigeneFragen": [

    ]
}