{
    "spruch": "",
    "rufnamen": [
        "Lederjackenlarry",
        "Hurensohn"
    ],
    "freundesfragen": [
        {
            "frage": "Was ist mein Lieblingsschnaps\/ -bier\/ -zigarette\/ -zigarre?",
            "antworten": {
                "a_barto": "Jim Beam mit Cola"
            }
        },
        {
            "frage": "Was w\u00fcrdest du mir gerne t\u00e4towieren?",
            "antworten": {
                "a_barto": "Dein Gesicht in Pink"
            }
        },
        {
            "frage": "Welche Mutprobe w\u00fcrdest du mir gerne verschreiben?",
            "antworten": []
        },
        {
            "frage": "Wer ist der\/die perfekte Freund\/Freundin f\u00fcr mich?",
            "antworten": {
                "a_kr\u00e4me": "Nina "
            }
        },
        {
            "frage": "Wof\u00fcr gebe ich zu viel Geld aus?",
            "antworten": {
                "a_barto": "Essen & Alkohol",
                "a_kr\u00e4me": "Kart fahren "
            }
        }
    ],
    "eigeneFragen": [
        {
            "frage": "Seit wann bist du speifrei? (nur alkoholische Verschuldungen)",
            "antwort": ""
        },
        {
            "frage": "Was war deine Lieblingsbesch\u00e4ftigung in Freistunden?",
            "antwort": ""
        },
        {
            "frage": "Welche 5 Dinge w\u00fcrdest du mit auf eine einsame Insel nehmen?",
            "antwort": ""
        },
        {
            "frage": "Wie alt warst du bei deiner ersten Alkoholvergiftung?",
            "antwort": ""
        },
        {
            "frage": "Wie oft hast du letztes Jahr \u201eHoch auf uns\u201c gesungen?",
            "antwort": ""
        },
        {
            "frage": "Wie w\u00fcrdest du eine Bar leertrinken?",
            "antwort": ""
        },
        {
            "frage": "Wof\u00fcr gibst du zu viel Geld aus?",
            "antwort": ""
        },
        {
            "frage": "Worauf achtest du beim anderen Geschlecht?",
            "antwort": ""
        }
    ]
}