{
    "spruch": "nh",
    "rufnamen": [
        "Halt dein Maul"
    ],
    "freundesfragen": [
        {
            "frage": "Bin ich der Typ beleidigt, zickig oder aggro?",
            "antworten": {
                "s_alper": "Zickig",
                "c_henke": "Beleidigend auf ironische Weise ",
                "a_barto": "Zickig, wenn die Phase des Beleidigt-Seins \u00fcberwunden ist",
                "j_thiem": "Immer nice",
                "d_hasle": "W\u00fcrde eher auf zickig tippen, habe dich aber noch nie so erlebt",
                "l_lelit": "Beleidigt ",
                "b_calis": "eine Mischung aus allem"
            }
        },
        {
            "frage": "L\u00e4uft bei mir?",
            "antworten": {
                "s_alper": "Ja, f\u00e4hrt bei dir.",
                "c_henke": "Bergauf mit Gep\u00e4ck und Gegenwind ",
                "a_barto": "Meistens f\u00e4hrt, gerade l\u00e4uft nicht, weil Mandelentz\u00fcndung",
                "j_thiem": "Joa ;)",
                "d_hasle": "Naja, eher m\u00fcndliche Nachpr\u00fcfung..",
                "l_lelit": "Immer ",
                "b_calis": "ja?"
            }
        },
        {
            "frage": "Was ist ein Talent von mir?",
            "antworten": {
                "c_henke": "Klettern ",
                "d_hasle": "Immer Ruhe und Abgekl\u00e4rtheit auszustrahlen",
                "l_lelit": "Klettern ",
                "b_calis": "wahrscheinlich klettern"
            }
        },
        {
            "frage": "Was sind Eigenschaften die dich an mir nerven?",
            "antworten": {
                "c_henke": "Das er so oft klettern geht ",
                "l_lelit": "Du bist immer krank, wenn wir was zusammen trinken wollen.."
            }
        },
        {
            "frage": "Was w\u00fcrdest du mir gerne t\u00e4towieren?",
            "antworten": {
                "c_henke": "Das Subway logo ",
                "d_hasle": "Den ersten Achttausender, den du besteigst",
                "l_lelit": "Pq-Formel"
            }
        },
        {
            "frage": "Welche Mutprobe w\u00fcrdest du mir gerne verschreiben?",
            "antworten": {
                "c_henke": "Auf dem Mond klettern gehen ",
                "d_hasle": "Alpin Free Climbing"
            }
        }
    ],
    "eigeneFragen": [
        {
            "frage": "Ohne was gehst du nicht aus dem Haus?",
            "antwort": "Handy, Schl\u00fcssel, Geldb\u00f6rse"
        },
        {
            "frage": "Ohne was gehst du nicht aus dem Haus?",
            "antwort": "Handy, Schl\u00fcssel, Geldb\u00f6rse"
        },
        {
            "frage": "Was sind deine Reiseziele?",
            "antwort": "Chile, Brasilien, Santorini, Mexico, USA, Island, Australien und Neuseeland. Nebenbei noch China und Thailand "
        },
        {
            "frage": "Was wird dir nicht fehlen?",
            "antwort": "Die n\u00f6rgelnden Lehrer, die nervigen Mitsch\u00fcler, die Ungewissheit und Angst vor Klausuren"
        },
        {
            "frage": "Wie w\u00fcrdest du eine Bar leertrinken?",
            "antwort": "Mit Freunden l\u00e4ssig einen trinken, solange bis einer sagt, Jungs ich hab keinen Durst mehr. Danach ist die Bar leer"
        },
        {
            "frage": "Wof\u00fcr gibst du zu viel Geld aus?",
            "antwort": "Sport (Klettern)"
        }
    ]
}